multiverse_column,monotonic_score_id
C_plus_D_minus_A_plus_B,1001
C_plus_D_minus_A_plus_B_binomial_significance,4022
C_plus_D_minus_A_plus_B_zero_cutoff,4029
C_plus_D_minus_A_plus_B_absolute_10_cutoff,4030
C_plus_D_minus_A_plus_B_t_score_39_cutoff,4037
C_plus_D_minus_A_plus_B_t_score_50_cutoff,4038
C_plus_D_log_transform,3042
A,1011
B,1020
C,1029
D,1038
A_60_cutoff,4055
B_60_cutoff,4056
C_60_cutoff,4057
D_60_cutoff,4058
A_plus_C,1066
C_minus_A,2093
D_minus_B,2094
modal_deck_choice_dichotomised,4010
C_plus_D_minus_A_plus_B_block5_1,2010
C_plus_D_minus_A_plus_B_block5_2,2011
C_plus_D_minus_A_plus_B_block5_3,2012
C_plus_D_minus_A_plus_B_block5_4,2013
C_plus_D_minus_A_plus_B_block5_5,2014
C_plus_D_minus_A_plus_B_block5_6,2015
C_plus_D_minus_A_plus_B_block5_7,2016
C_plus_D_minus_A_plus_B_block5_8,2017
C_plus_D_minus_A_plus_B_block5_9,2018
C_plus_D_minus_A_plus_B_block5_10,2019
C_plus_D_minus_A_plus_B_block5_11,2020
C_plus_D_minus_A_plus_B_block5_12,2021
C_plus_D_minus_A_plus_B_block5_13,2022
C_plus_D_minus_A_plus_B_block5_14,2023
C_plus_D_minus_A_plus_B_block5_15,2024
C_plus_D_minus_A_plus_B_block5_16,2025
C_plus_D_minus_A_plus_B_block5_17,2026
C_plus_D_minus_A_plus_B_block5_18,2027
C_plus_D_minus_A_plus_B_block5_19,2028
C_plus_D_minus_A_plus_B_block5_20,2029
A_block10_1,2048
A_block10_2,2049
A_block10_3,2050
A_block10_4,2051
A_block10_5,2052
A_block10_6,2053
A_block10_7,2054
A_block10_8,2055
A_block10_9,2056
A_block10_10,2057
B_block10_1,2058
B_block10_2,2059
B_block10_3,2060
B_block10_4,2061
B_block10_5,2062
B_block10_6,2063
B_block10_7,2064
B_block10_8,2065
B_block10_9,2066
B_block10_10,2067
C_block10_1,2068
C_block10_2,2069
C_block10_3,2070
C_block10_4,2071
C_block10_5,2072
C_block10_6,2073
C_block10_7,2074
C_block10_8,2075
C_block10_9,2076
C_block10_10,2077
D_block10_1,2078
D_block10_2,2079
D_block10_3,2080
D_block10_4,2081
D_block10_5,2082
D_block10_6,2083
D_block10_7,2084
D_block10_8,2085
D_block10_9,2086
D_block10_10,2087
C_plus_D_minus_A_plus_B_block16_1,2102
C_plus_D_minus_A_plus_B_block16_2,2103
C_plus_D_minus_A_plus_B_block16_3,2104
C_plus_D_minus_A_plus_B_block16_4,2105
C_plus_D_minus_A_plus_B_block16_5,2106
C_plus_D_minus_A_plus_B_block16_6,2107
C_plus_D_minus_A_plus_B_block20_1,1002
C_plus_D_minus_A_plus_B_block20_2,1003
C_plus_D_minus_A_plus_B_block20_3,1004
C_plus_D_minus_A_plus_B_block20_4,1005
C_plus_D_minus_A_plus_B_block20_5,1006
A_block20_1,1012
A_block20_2,1013
A_block20_3,1014
A_block20_4,1015
A_block20_5,1016
B_block20_1,1021
B_block20_2,1022
B_block20_3,1023
B_block20_4,1024
B_block20_5,1025
C_block20_1,1030
C_block20_2,1031
C_block20_3,1032
C_block20_4,1033
C_block20_5,1034
D_block20_1,1039
D_block20_2,1040
D_block20_3,1041
D_block20_4,1042
D_block20_5,1043
C_plus_D_minus_A_plus_B_t_score_39_cutoff_block20_1,4024
C_plus_D_minus_A_plus_B_t_score_39_cutoff_block20_2,4025
C_plus_D_minus_A_plus_B_t_score_39_cutoff_block20_3,4026
C_plus_D_minus_A_plus_B_t_score_39_cutoff_block20_4,4027
C_plus_D_minus_A_plus_B_t_score_39_cutoff_block20_5,4028
C_plus_D_minus_A_plus_B_t_score_50_cutoff_block20_1,4032
C_plus_D_minus_A_plus_B_t_score_50_cutoff_block20_2,4033
C_plus_D_minus_A_plus_B_t_score_50_cutoff_block20_3,4034
C_plus_D_minus_A_plus_B_t_score_50_cutoff_block20_4,4035
C_plus_D_minus_A_plus_B_t_score_50_cutoff_block20_5,4036
C_plus_D_minus_A_plus_B_block25_1,1062
C_plus_D_minus_A_plus_B_block25_2,1063
C_plus_D_minus_A_plus_B_block25_3,1064
C_plus_D_minus_A_plus_B_block25_4,1065
A_block25_1,2032
A_block25_2,2033
A_block25_3,2034
A_block25_4,2035
B_block25_1,2036
B_block25_2,2037
B_block25_3,2038
B_block25_4,2039
C_block25_1,2040
C_block25_2,2041
C_block25_3,2042
C_block25_4,2043
D_block25_1,2044
D_block25_2,2045
D_block25_3,2046
D_block25_4,2047
A_plus_C_block25_1,1068
A_plus_C_block25_2,1069
A_plus_C_block25_3,1070
A_plus_C_block25_4,1071
C_plus_D_minus_A_plus_B_block33_1,1053
C_plus_D_minus_A_plus_B_block33_2,1054
C_plus_D_minus_A_plus_B_block33_3,1055
A_block33_1,1017
A_block33_2,1018
A_block33_3,1019
B_block33_1,1026
B_block33_2,1027
B_block33_3,1028
C_block33_1,1035
C_block33_2,1036
C_block33_3,1037
D_block33_1,1044
D_block33_2,1045
D_block33_3,1046
C_plus_D_minus_A_plus_B_block16_6minus1,2088
C_plus_D_minus_A_plus_B_block33_3minus1,2003
C_plus_D_minus_A_plus_B_1_to_10,2095
C_plus_D_minus_A_plus_B_1_to_40,1008
C_plus_D_minus_A_plus_B_1_to_50,2030
C_plus_D_minus_A_plus_B_1_to_60,2004
C_plus_D_minus_A_plus_B_11_to_50,2096
C_plus_D_minus_A_plus_B_41_to_100,1010
C_plus_D_minus_A_plus_B_51_to_80,2097
C_plus_D_minus_A_plus_B_51_to_100,1063
C_plus_D_minus_A_plus_B_61_to_100,1009
C_plus_D_minus_A_plus_B_68_to_100,1055
C_plus_D_minus_A_plus_B_last_60_minus_first_40,1076
C_plus_D_minus_A_plus_B_last_33_minus_first_33,2003
C_plus_D_minus_A_plus_B_last_17_minus_first_17,2088
C_plus_D_minus_A_plus_B_41_to_100_mediansplit,4031
C_plus_D_minus_A_plus_B_1_to_60_0cutuff,2004
C_plus_D_minus_A_plus_B_61_to_100_0cutuff,2118
C_plus_D_divided_A_plus_B,2005
proportion_switch_any,4021
proportion_switch_advantageous_after_loss,2116
A_after_loss_on_A,2115
C_or_D_after_loss_on_C_or_D,4009
proportion_switch_any_1,2110
proportion_switch_any_2,2111
proportion_switch_any_3,2112
proportion_switch_any_4,2113
proportion_switch_any_5,2114
proportion_switch_any__1,1072
proportion_switch_any__2,1073
proportion_switch_any__3,1074
proportion_switch_any__4,1075
total_won,4016
total_lost,3005
total_balance,3008
one_lag_autocorrelation_block_1,2108
one_lag_autocorrelation_block_3,2109
one_lag_autocorrelation_block_3_minus_block_1,4018
