id,C_plus_D_minus_A_plus_B,C_plus_D_minus_A_plus_B_binomial_significance,C_plus_D_minus_A_plus_B_zero_cutoff,C_plus_D_minus_A_plus_B_absolute_10_cutoff,C_plus_D_minus_A_plus_B_t_score_39_cutoff,C_plus_D_minus_A_plus_B_t_score_50_cutoff,C_plus_D_log_transform,A,B,C,D,A_60_cutoff,B_60_cutoff,C_60_cutoff,D_60_cutoff,A_plus_C,C_minus_A,D_minus_B,modal_deck_choice_dichotomised,C_plus_D_minus_A_plus_B_block5_1,C_plus_D_minus_A_plus_B_block5_2,C_plus_D_minus_A_plus_B_block5_3,C_plus_D_minus_A_plus_B_block5_4,C_plus_D_minus_A_plus_B_block5_5,C_plus_D_minus_A_plus_B_block5_6,C_plus_D_minus_A_plus_B_block5_7,C_plus_D_minus_A_plus_B_block5_8,C_plus_D_minus_A_plus_B_block5_9,C_plus_D_minus_A_plus_B_block5_10,C_plus_D_minus_A_plus_B_block5_11,C_plus_D_minus_A_plus_B_block5_12,C_plus_D_minus_A_plus_B_block5_13,C_plus_D_minus_A_plus_B_block5_14,C_plus_D_minus_A_plus_B_block5_15,C_plus_D_minus_A_plus_B_block5_16,C_plus_D_minus_A_plus_B_block5_17,C_plus_D_minus_A_plus_B_block5_18,C_plus_D_minus_A_plus_B_block5_19,C_plus_D_minus_A_plus_B_block5_20,A_block10_1,A_block10_2,A_block10_3,A_block10_4,A_block10_5,A_block10_6,A_block10_7,A_block10_8,A_block10_9,A_block10_10,B_block10_1,B_block10_2,B_block10_3,B_block10_4,B_block10_5,B_block10_6,B_block10_7,B_block10_8,B_block10_9,B_block10_10,C_block10_1,C_block10_2,C_block10_3,C_block10_4,C_block10_5,C_block10_6,C_block10_7,C_block10_8,C_block10_9,C_block10_10,D_block10_1,D_block10_2,D_block10_3,D_block10_4,D_block10_5,D_block10_6,D_block10_7,D_block10_8,D_block10_9,D_block10_10,C_plus_D_minus_A_plus_B_block16_1,C_plus_D_minus_A_plus_B_block16_2,C_plus_D_minus_A_plus_B_block16_3,C_plus_D_minus_A_plus_B_block16_4,C_plus_D_minus_A_plus_B_block16_5,C_plus_D_minus_A_plus_B_block16_6,C_plus_D_minus_A_plus_B_block20_1,C_plus_D_minus_A_plus_B_block20_2,C_plus_D_minus_A_plus_B_block20_3,C_plus_D_minus_A_plus_B_block20_4,C_plus_D_minus_A_plus_B_block20_5,A_block20_1,A_block20_2,A_block20_3,A_block20_4,A_block20_5,B_block20_1,B_block20_2,B_block20_3,B_block20_4,B_block20_5,C_block20_1,C_block20_2,C_block20_3,C_block20_4,C_block20_5,D_block20_1,D_block20_2,D_block20_3,D_block20_4,D_block20_5,C_plus_D_minus_A_plus_B_t_score_39_cutoff_block20_1,C_plus_D_minus_A_plus_B_t_score_39_cutoff_block20_2,C_plus_D_minus_A_plus_B_t_score_39_cutoff_block20_3,C_plus_D_minus_A_plus_B_t_score_39_cutoff_block20_4,C_plus_D_minus_A_plus_B_t_score_39_cutoff_block20_5,C_plus_D_minus_A_plus_B_t_score_50_cutoff_block20_1,C_plus_D_minus_A_plus_B_t_score_50_cutoff_block20_2,C_plus_D_minus_A_plus_B_t_score_50_cutoff_block20_3,C_plus_D_minus_A_plus_B_t_score_50_cutoff_block20_4,C_plus_D_minus_A_plus_B_t_score_50_cutoff_block20_5,C_plus_D_minus_A_plus_B_block25_1,C_plus_D_minus_A_plus_B_block25_2,C_plus_D_minus_A_plus_B_block25_3,C_plus_D_minus_A_plus_B_block25_4,A_block25_1,A_block25_2,A_block25_3,A_block25_4,B_block25_1,B_block25_2,B_block25_3,B_block25_4,C_block25_1,C_block25_2,C_block25_3,C_block25_4,D_block25_1,D_block25_2,D_block25_3,D_block25_4,A_plus_C_block25_1,A_plus_C_block25_2,A_plus_C_block25_3,A_plus_C_block25_4,C_plus_D_minus_A_plus_B_block33_1,C_plus_D_minus_A_plus_B_block33_2,C_plus_D_minus_A_plus_B_block33_3,A_block33_1,A_block33_2,A_block33_3,B_block33_1,B_block33_2,B_block33_3,C_block33_1,C_block33_2,C_block33_3,D_block33_1,D_block33_2,D_block33_3,C_plus_D_minus_A_plus_B_block16_6minus1,C_plus_D_minus_A_plus_B_block33_3minus1,C_plus_D_minus_A_plus_B_1_to_10,C_plus_D_minus_A_plus_B_1_to_40,C_plus_D_minus_A_plus_B_1_to_50,C_plus_D_minus_A_plus_B_1_to_60,C_plus_D_minus_A_plus_B_11_to_50,C_plus_D_minus_A_plus_B_41_to_100,C_plus_D_minus_A_plus_B_51_to_80,C_plus_D_minus_A_plus_B_51_to_100,C_plus_D_minus_A_plus_B_61_to_100,C_plus_D_minus_A_plus_B_68_to_100,C_plus_D_minus_A_plus_B_last_60_minus_first_40,C_plus_D_minus_A_plus_B_last_33_minus_first_33,C_plus_D_minus_A_plus_B_last_17_minus_first_17,C_plus_D_minus_A_plus_B_41_to_100_mediansplit,C_plus_D_minus_A_plus_B_1_to_60_0cutuff,C_plus_D_minus_A_plus_B_61_to_100_0cutuff,C_plus_D_divided_A_plus_B,proportion_switch_any,proportion_switch_advantageous_after_loss,A_after_loss_on_A,C_or_D_after_loss_on_C_or_D,proportion_switch_any_1,proportion_switch_any_2,proportion_switch_any_3,proportion_switch_any_4,proportion_switch_any_5,proportion_switch_any__1,proportion_switch_any__2,proportion_switch_any__3,proportion_switch_any__4,total_won,total_lost,total_balance,one_lag_autocorrelation_block_1,one_lag_autocorrelation_block_3,one_lag_autocorrelation_block_3_minus_block_1
1,-0.04,0,0,0,1,0,-0.08,0.22,0.3,0.18,0.3,0,0,0,0,0.4,-0.04,0,0,-0.2,-0.6,0.2,-0.6,0.2,0.6,0.2,-0.6,0.2,0.6,0.2,-0.2,-0.2,-0.2,-0.2,-0.2,0.2,-0.2,0.2,-0.2,0.3,0.2,0.2,0.2,0.1,0.2,0.2,0.3,0.3,0.2,0.4,0.4,0.1,0.4,0.2,0.3,0.4,0.3,0.2,0.3,0.2,0.1,0.3,0.2,0.1,0.2,0.2,0.1,0.2,0.2,0.1,0.3,0.4,0.2,0.6,0.3,0.2,0.3,0.3,0.3,-0.25,0.1765,0.0588,-0.1765,-0.125,0.0588,-0.3,0.1,0.2,-0.2,0,0.25,0.2,0.15,0.25,0.25,0.4,0.25,0.25,0.35,0.25,0.15,0.25,0.15,0.15,0.2,0.2,0.3,0.45,0.25,0.3,1,1,1,1,1,0,1,1,0,0,-0.2,0.2,-0.12,-0.04,0.24,0.16,0.2,0.28,0.36,0.24,0.36,0.24,0.16,0.2,0.2,0.16,0.24,0.4,0.24,0.32,0.4,0.36,0.4,0.44,-0.0303,-0.0303,-0.0588,0.2424,0.1818,0.2353,0.2727,0.3333,0.2941,0.2121,0.1515,0.1765,0.2727,0.3333,0.2941,0.3088,-0.0285,-0.4,-0.1,0,0,0.1,0,-0.1333,-0.08,-0.1,-0.0303,0.1,0,0.3529,0,0,0,0.8519,0.8485,0.48,0,0.06,0.9474,0.8421,0.7368,0.8421,0.8947,0.9583,0.75,0.9167,0.8333,7600,-7750,-150,0.1929,-0.0452,-0.238
10,-0.1,0,0,-1,1,0,-0.2007,0.12,0.43,0.13,0.32,0,0,0,0,0.25,0.01,-0.11,0,-1,-1,-0.2,0.2,-1,0.6,-0.2,0.2,-0.2,-0.2,-0.6,-1,-1,-0.2,0.2,0.6,1,1,0.6,0.2,0.3,0.2,0.2,0.2,0.2,0,0,0.1,0,0,0.7,0.3,0.4,0.3,0.4,0.9,0.8,0.2,0,0.3,0,0.3,0.3,0.1,0.1,0.1,0,0.1,0,0.3,0,0.2,0.1,0.4,0.3,0,0.2,0.6,1,0.4,-0.75,0.0588,-0.1765,-0.8824,0.5,0.6471,-0.5,-0.1,-0.5,-0.1,0.7,0.25,0.2,0.1,0.05,0,0.5,0.35,0.65,0.5,0.15,0.15,0.2,0.1,0.05,0.15,0.1,0.25,0.15,0.4,0.7,0,1,0,1,1,0,0,0,0,1,-0.6,0.04,-0.52,0.68,0.24,0.2,0.04,0,0.56,0.28,0.72,0.16,0.12,0.2,0.08,0.12,0.08,0.32,0.16,0.72,0.36,0.4,0.12,0.12,-0.3333,-0.5152,0.5294,0.2424,0.0909,0.0294,0.4242,0.6667,0.2059,0.2121,0.0606,0.1176,0.1212,0.1818,0.6471,1.3971,0.8627,-1,-0.3,-0.28,-0.3667,-0.1,0.0333,-0.3333,0.08,0.3,0.5758,0.3333,0.9091,1.2941,0,0,1,1.1739,0.4343,0.45,0,0.07,0.6842,0.5263,0.5263,0.3158,0.1579,0.5833,0.75,0.25,0.1667,7750,-7700,50,0.0711,-0.1878,-0.2589
11,0,0,0,0,1,0,0,0.22,0.28,0.21,0.29,0,0,0,0,0.43,-0.01,0.01,1,0.2,-0.6,-0.2,0.6,0.2,-0.6,-0.2,-0.2,0.6,-0.2,0.2,0.2,0.2,0.2,-0.6,0.2,0.6,-0.2,-0.6,0.2,0.4,0.2,0.2,0.4,0.2,0.1,0.1,0.3,0,0.3,0.2,0.2,0.4,0.2,0.2,0.3,0.3,0.3,0.4,0.3,0.2,0.4,0.1,0.2,0.3,0.3,0.2,0.2,0.1,0.1,0.2,0.2,0.3,0.2,0.3,0.3,0.4,0.2,0.5,0.3,-0.125,-0.1765,0.1765,0.2941,-0.125,-0.0588,0,-0.2,0.2,0,0,0.3,0.3,0.15,0.2,0.15,0.2,0.3,0.25,0.3,0.35,0.3,0.15,0.3,0.2,0.1,0.2,0.25,0.3,0.3,0.4,1,1,1,1,1,0,0,1,0,0,0.04,-0.12,0.04,0.04,0.24,0.32,0.16,0.16,0.24,0.24,0.32,0.32,0.28,0.2,0.24,0.12,0.24,0.24,0.28,0.4,0.52,0.52,0.4,0.28,-0.1515,0.2121,-0.0588,0.3333,0.1212,0.2059,0.2424,0.2727,0.3235,0.2121,0.2727,0.1471,0.2121,0.3333,0.3235,0.0662,0.0927,-0.2,-0.1,-0.04,0,0,0.0667,0.0667,0.04,0,-0.0909,0.1667,0.0606,0.1176,0,0,0,1.0833,0.8889,0.3333,0.05,0.1,0.8421,0.7895,0.9474,0.9474,0.9474,0.7917,0.875,0.9583,0.9583,7500,-7800,-300,0.2861,-0.1651,-0.4513
12,0.22,1,1,1,1,1,0.4473,0.14,0.25,0.28,0.33,0,0,0,0,0.42,0.14,0.08,1,-0.2,-1,-0.2,0.6,0.2,1,-0.6,0.2,-0.2,1,0.6,0.2,0.2,0.6,0.2,0.6,-0.2,0.2,0.2,1,0,0.3,0.2,0.1,0.1,0.2,0.1,0.1,0.2,0.1,0.8,0.1,0,0.5,0.2,0.1,0.2,0.2,0.3,0.1,0.2,0.1,0.3,0.3,0.3,0.2,0.4,0.4,0.2,0.4,0,0.5,0.5,0.1,0.4,0.5,0.3,0.3,0.3,0.4,-0.375,0.2941,0.2941,0.4118,0.125,0.5294,-0.2,0.2,0.4,0.4,0.3,0.15,0.15,0.15,0.1,0.15,0.45,0.25,0.15,0.2,0.2,0.15,0.3,0.25,0.4,0.3,0.25,0.3,0.45,0.3,0.35,1,1,1,1,1,0,1,1,1,1,-0.12,0.28,0.36,0.36,0.2,0.08,0.16,0.12,0.36,0.28,0.16,0.2,0.2,0.28,0.32,0.32,0.24,0.36,0.36,0.36,0.4,0.36,0.48,0.44,-0.0303,0.3333,0.3529,0.1515,0.1515,0.1176,0.3636,0.1818,0.2059,0.1818,0.303,0.3529,0.303,0.3636,0.3235,0.9044,0.3832,-0.6,0,0.08,0.1333,0.25,0.3667,0.4,0.36,0.35,0.3333,0.3667,0.3636,0.9412,1,1,1,2.125,0.7071,0.5769,0,0.08,0.3684,0.6316,0.6842,0.9474,0.8947,0.5,0.5833,0.8333,0.9167,6950,-6975,-25,-0.3298,-0.0419,0.2878
13,0.22,1,1,1,1,1,0.4473,0.14,0.25,0.26,0.35,0,0,0,0,0.4,0.12,0.1,1,-0.2,-0.2,0.2,-0.6,-0.2,0.6,0.2,0.2,0.2,0.2,0.6,0.2,0.6,0.6,0.6,0.6,0.2,0.2,0.2,0.2,0.4,0.2,0.1,0.2,0,0.1,0,0.1,0.2,0.1,0.2,0.4,0.3,0.2,0.4,0.2,0.2,0.1,0.2,0.3,0.3,0.2,0.2,0.3,0.1,0.3,0.4,0.3,0.3,0.2,0.1,0.2,0.4,0.3,0.5,0.4,0.4,0.5,0.3,0.4,-0.125,0.0588,0.1765,0.4118,0.5,0.2941,-0.2,0.2,0.3,0.6,0.2,0.3,0.15,0.05,0.05,0.15,0.3,0.25,0.3,0.15,0.25,0.25,0.25,0.2,0.35,0.25,0.15,0.35,0.45,0.45,0.35,1,1,1,1,1,0,1,1,1,1,-0.2,0.28,0.52,0.28,0.28,0.08,0.08,0.12,0.32,0.28,0.16,0.24,0.24,0.2,0.36,0.24,0.16,0.44,0.4,0.4,0.52,0.28,0.44,0.36,-0.0303,0.3333,0.3529,0.2424,0.0606,0.1176,0.2727,0.2727,0.2059,0.2727,0.2121,0.2941,0.2121,0.4545,0.3824,0.4191,0.3832,-0.2,0,0.04,0.1,0.1,0.3667,0.5333,0.4,0.4,0.3939,0.3667,0.4242,0.4706,1,1,1,2.3333,0.9495,0.5769,0,0.08,0.9474,1,0.9474,0.8947,1,0.9583,1,0.9167,0.9583,6950,-7225,-275,-0.1143,-0.0645,0.0498
14,0.08,0,1,0,1,1,0.1603,0.21,0.25,0.2,0.34,0,0,0,0,0.41,-0.01,0.09,1,0.2,-1,-0.2,-0.2,-0.2,0.2,-0.2,0.2,0.2,0.6,-0.2,1,0.6,-0.2,0.2,-0.6,0.2,1,0.2,-0.2,0.1,0.3,0.3,0.3,0.2,0.2,0.2,0.2,0,0.3,0.6,0.3,0.2,0.2,0.1,0.1,0.2,0.4,0.2,0.2,0.1,0.2,0.2,0.2,0.2,0.2,0.2,0.1,0.4,0.2,0.2,0.2,0.3,0.3,0.5,0.5,0.4,0.3,0.4,0.3,-0.375,-0.0588,0.2941,0.4118,-0.25,0.4118,-0.3,0,0.4,0,0.3,0.2,0.3,0.2,0.2,0.15,0.45,0.2,0.1,0.3,0.2,0.15,0.2,0.2,0.15,0.3,0.2,0.3,0.5,0.35,0.35,1,1,1,1,1,0,0,1,0,1,-0.28,0.2,0.28,0.12,0.24,0.24,0.2,0.16,0.4,0.16,0.16,0.28,0.12,0.24,0.2,0.24,0.24,0.36,0.44,0.32,0.36,0.48,0.4,0.4,-0.2121,0.3333,0.1176,0.2424,0.2121,0.1765,0.3636,0.1212,0.2647,0.1515,0.2121,0.2353,0.2424,0.4545,0.3235,0.7868,0.3298,-0.4,-0.15,-0.04,0.0333,0.05,0.2333,0.1333,0.2,0.15,0.0909,0.3833,0.303,0.8235,1,1,1,1.5,0.7273,0.5769,0.01,0.08,0.6842,1,0.5789,0.7895,0.6316,0.75,0.8333,0.7083,0.625,7300,-7500,-200,0.0276,-0.2469,-0.2744
15,0.02,0,1,0,1,0,0.04,0.18,0.31,0.24,0.27,0,0,0,0,0.42,0.06,-0.04,0,-0.2,0.2,-0.2,0.2,-0.2,0.6,-0.2,0.2,-0.2,0.2,-0.2,0.2,-0.2,0.2,-0.2,0.2,-0.2,-1,0.6,0.6,0.2,0.1,0.2,0.2,0.3,0.2,0.2,0.3,0,0.1,0.3,0.4,0.2,0.3,0.2,0.3,0.3,0.2,0.8,0.1,0.2,0.2,0.3,0.3,0.3,0.2,0.2,0.3,0,0.4,0.3,0.3,0.3,0.2,0.2,0.3,0.3,0.2,0.2,0.4,-0.125,0.2941,-0.0588,0.0588,0,-0.0588,0,0.1,0,0,0,0.15,0.2,0.25,0.25,0.05,0.35,0.25,0.25,0.25,0.45,0.2,0.3,0.25,0.25,0.2,0.3,0.25,0.25,0.25,0.3,1,1,1,1,1,0,1,0,0,0,-0.04,0.12,-0.04,0.04,0.16,0.24,0.24,0.08,0.36,0.2,0.28,0.4,0.2,0.32,0.2,0.24,0.28,0.24,0.28,0.28,0.36,0.56,0.44,0.32,0.0909,-0.0303,0,0.1515,0.2424,0.1471,0.303,0.2727,0.3529,0.2424,0.2424,0.2353,0.303,0.2424,0.2647,0.0662,-0.0909,0,0.05,0.04,0.0333,0.05,0,0,0,0,-0.0303,-0.05,-0.1212,0,0,1,0,1,0.9192,0.5,0,0.06,0.9474,1,1,1,0.6316,0.9583,1,1,0.7083,7450,-7300,150,0.1469,0.1161,-0.0308
16,0.18,0,1,1,1,1,0.364,0.2,0.21,0.33,0.26,0,0,0,0,0.53,0.13,0.05,1,-0.2,-0.2,-0.2,0.2,0.2,-0.2,0.2,0.6,0.2,0.2,-0.2,0.6,0.6,0.2,0.6,0.2,0.6,-0.2,0.6,-0.2,0.4,0.3,0.1,0.1,0.2,0.1,0.2,0.2,0.2,0.2,0.2,0.2,0.4,0.2,0.2,0.3,0.1,0.1,0.2,0.2,0.3,0.2,0.3,0.3,0.4,0.3,0.5,0.4,0.3,0.3,0.1,0.3,0.2,0.4,0.2,0.3,0.2,0.3,0.3,0.3,-0.25,0.1765,0.2941,0.4118,0.375,0.0588,-0.1,0.2,0.2,0.4,0.2,0.35,0.1,0.15,0.2,0.2,0.2,0.3,0.25,0.1,0.2,0.25,0.3,0.35,0.45,0.3,0.2,0.3,0.25,0.25,0.3,1,1,1,1,1,0,1,1,1,1,-0.04,0.2,0.36,0.2,0.32,0.12,0.16,0.2,0.2,0.28,0.16,0.2,0.28,0.32,0.4,0.32,0.2,0.28,0.28,0.28,0.6,0.44,0.56,0.52,-0.0303,0.3333,0.2353,0.2424,0.1515,0.2059,0.2727,0.1818,0.1765,0.2727,0.3636,0.3529,0.2121,0.303,0.2647,0.3088,0.2656,-0.2,0.05,0.08,0.1,0.15,0.2667,0.3333,0.28,0.3,0.2121,0.2167,0.2424,0.3529,1,1,1,1.7778,0.8889,0.4,0.02,0.1,0.8947,0.8947,0.9474,0.8421,0.9474,0.9167,0.9167,0.7917,0.9167,7050,-7500,-450,-0.1186,0.3479,0.4665
17,-0.04,0,0,0,1,0,-0.08,0.24,0.28,0.23,0.25,0,0,0,0,0.47,-0.01,-0.03,0,-0.2,-0.2,-0.2,-0.2,0.2,-0.2,-0.2,0.6,-0.2,-0.2,-0.2,-0.2,0.2,0.2,0.2,0.2,0.2,-0.2,-0.2,-0.2,0.2,0.1,0.2,0.2,0.4,0.3,0.2,0.3,0.2,0.3,0.4,0.5,0.3,0.2,0.2,0.3,0.2,0.1,0.3,0.3,0.3,0.2,0.2,0.2,0.2,0.2,0.3,0.3,0.2,0.2,0.1,0.2,0.3,0.4,0.2,0.2,0.3,0.3,0.3,0.2,-0.25,0.0588,-0.0588,0.0588,0.125,-0.1765,-0.2,0.1,-0.2,0.2,-0.1,0.15,0.2,0.35,0.25,0.25,0.45,0.25,0.25,0.15,0.3,0.25,0.2,0.2,0.3,0.2,0.15,0.35,0.2,0.3,0.25,1,1,1,1,1,0,1,0,1,0,-0.12,-0.04,0.04,-0.04,0.2,0.24,0.24,0.28,0.36,0.28,0.24,0.24,0.24,0.2,0.28,0.2,0.2,0.28,0.24,0.28,0.44,0.44,0.52,0.48,-0.0909,-0.0303,0,0.1515,0.303,0.2647,0.3939,0.2121,0.2353,0.2424,0.2121,0.2353,0.2121,0.2727,0.2647,0.0735,0.0909,-0.2,-0.05,-0.08,-0.1,-0.05,-0.0333,0.0667,0,0.05,-0.0303,0.0167,0.0606,0,0,0,1,1,0.8384,0.5926,0.03,0.06,0.7895,0.8421,0.8421,0.8947,0.8421,0.8333,0.75,0.9167,0.8333,7600,-7900,-300,-0.2779,-0.1378,0.14
18,0.24,1,1,1,1,1,0.4895,0.17,0.21,0.31,0.31,0,0,0,0,0.48,0.14,0.1,1,0.2,0.2,-0.6,-0.2,0.2,0.6,0.2,0.6,0.2,0.2,0.2,0.6,0.2,0.6,0.2,0.6,0.2,0.2,0.2,0.2,0.2,0.1,0.1,0.2,0.2,0.1,0.2,0.2,0.2,0.2,0.2,0.6,0.2,0.1,0.2,0.2,0.1,0.1,0.2,0.2,0.4,0.2,0.3,0.4,0.3,0.3,0.4,0.2,0.3,0.3,0.2,0.1,0.4,0.3,0.3,0.4,0.3,0.5,0.3,0.3,-0.125,0.2941,0.2941,0.4118,0.25,0.2941,-0.1,0.4,0.3,0.4,0.2,0.15,0.15,0.15,0.2,0.2,0.4,0.15,0.2,0.1,0.2,0.3,0.35,0.3,0.3,0.3,0.15,0.35,0.35,0.4,0.3,1,1,1,1,1,0,1,1,1,1,-0.04,0.36,0.36,0.28,0.16,0.16,0.16,0.2,0.36,0.16,0.16,0.16,0.28,0.36,0.32,0.28,0.2,0.32,0.36,0.36,0.44,0.52,0.48,0.48,0.0909,0.3333,0.2941,0.1515,0.1515,0.2059,0.303,0.1818,0.1471,0.303,0.3333,0.2941,0.2424,0.3333,0.3529,0.4191,0.2032,0.2,0.15,0.16,0.2,0.15,0.3,0.4,0.32,0.3,0.2727,0.15,0.1818,0.4706,1,1,1,1.9412,0.899,0.5,0,0.09,0.7895,0.8947,1,0.9474,1,0.7917,0.875,0.9583,0.9583,6900,-7600,-700,-0.1011,-0.0686,0.0325
19,-0.28,-1,0,-1,0,0,-0.5754,0.13,0.51,0.06,0.3,0,0,0,0,0.19,-0.07,-0.21,0,0.6,-0.6,-1,-0.6,-1,0.6,-1,0.2,-0.2,-0.2,-0.6,0.6,-0.6,0.2,-0.6,-0.2,-0.2,-0.2,-0.2,-0.6,0.3,0.2,0.1,0.2,0.1,0,0.1,0,0,0.3,0.2,0.7,0.5,0.5,0.5,0.5,0.5,0.7,0.6,0.4,0.2,0,0.1,0,0.1,0.1,0,0,0,0.1,0.3,0.1,0.3,0.3,0.3,0.4,0.4,0.3,0.4,0.2,-0.375,-0.4118,-0.1765,-0.0588,-0.375,-0.2941,-0.4,-0.3,-0.1,-0.3,-0.3,0.25,0.15,0.05,0.05,0.15,0.45,0.5,0.5,0.6,0.5,0.1,0.05,0.1,0,0.05,0.2,0.3,0.35,0.35,0.3,0,1,1,1,1,0,0,0,0,0,-0.52,-0.12,-0.2,-0.28,0.24,0.12,0.04,0.12,0.52,0.44,0.56,0.52,0.08,0.08,0.04,0.04,0.16,0.36,0.36,0.32,0.32,0.2,0.08,0.16,-0.3939,-0.1515,-0.2941,0.2121,0.0909,0.0882,0.4848,0.4848,0.5588,0.0909,0.0606,0.0294,0.2121,0.3636,0.3235,0.0809,0.0998,0,-0.35,-0.32,-0.2667,-0.4,-0.2333,-0.2,-0.24,-0.3,-0.3333,0.1167,0.0606,0.1176,0,0,0,0.6129,0.6566,0.5625,0,0.03,0.8421,0.5263,0.7895,0.5789,0.5789,0.75,0.6667,0.6667,0.5417,8200,-8700,-500,-0.1295,-0.3582,-0.2287
2,0,0,0,0,1,0,0,0.21,0.29,0.27,0.23,0,0,0,0,0.48,0.06,-0.06,0,-0.6,0.2,0.2,-0.2,-0.2,-0.2,0.2,0.2,-0.2,-0.2,-0.2,0.2,-0.2,0.2,0.2,0.6,0.2,0.2,-0.2,-0.2,0.4,0.2,0.3,0.2,0.2,0.2,0.2,0.1,0,0.3,0.2,0.3,0.3,0.2,0.4,0.3,0.3,0.2,0.4,0.3,0.2,0.2,0.2,0.3,0.2,0.3,0.3,0.3,0.5,0.2,0.2,0.3,0.2,0.3,0.2,0.2,0.2,0.4,0.1,0.2,-0.125,-0.0588,-0.0588,0.0588,0.25,-0.0588,-0.1,0,-0.1,0.2,0,0.3,0.25,0.2,0.15,0.15,0.25,0.25,0.35,0.25,0.35,0.2,0.25,0.25,0.3,0.35,0.25,0.25,0.2,0.3,0.15,1,1,1,1,1,0,0,0,1,0,-0.12,-0.04,0.04,0.12,0.28,0.24,0.2,0.12,0.28,0.28,0.28,0.32,0.2,0.24,0.32,0.32,0.24,0.24,0.2,0.24,0.48,0.48,0.52,0.44,-0.0909,-0.0303,0.1176,0.303,0.1818,0.1471,0.2424,0.3333,0.2941,0.2121,0.2424,0.3529,0.2424,0.2424,0.2059,0.0662,0.2086,-0.2,-0.05,-0.08,-0.0667,-0.05,0.0333,0.1333,0.08,0.1,0.0909,0.0833,0.1818,0.1176,0,0,1,1.1739,0.9394,0.6071,0,0.05,0.8947,1,0.9474,0.8421,1,0.9167,0.9583,0.9583,0.9167,7500,-7375,125,-0.0273,-0.1053,-0.078
20,-0.12,0,0,-1,1,0,-0.2412,0.1,0.46,0.12,0.32,0,0,0,0,0.22,0.02,-0.14,0,-0.2,-0.6,-1,1,0.6,-0.2,0.2,0.2,-0.2,-1,-0.2,0.2,-0.2,-0.6,0.2,-0.2,0.2,-0.6,0.2,-0.2,0.1,0.2,0.2,0.1,0.1,0,0.2,0,0,0.1,0.6,0.3,0.2,0.3,0.7,0.5,0.5,0.5,0.6,0.4,0.3,0.2,0.2,0.2,0,0.1,0,0.1,0,0.1,0,0.3,0.4,0.4,0.2,0.4,0.3,0.4,0.4,0.4,-0.5,0.4118,-0.2941,-0.0588,-0.25,-0.0588,-0.2,0.2,-0.3,-0.2,-0.1,0.15,0.15,0.05,0.1,0.05,0.45,0.25,0.6,0.5,0.5,0.25,0.2,0.05,0.05,0.05,0.15,0.4,0.3,0.35,0.4,1,1,1,1,1,0,1,0,0,0,-0.04,-0.2,-0.12,-0.12,0.12,0.16,0.08,0.04,0.4,0.44,0.48,0.52,0.28,0.08,0.08,0.04,0.2,0.32,0.36,0.4,0.4,0.24,0.16,0.08,-0.0303,-0.1515,-0.1765,0.1515,0.0606,0.0882,0.3636,0.5152,0.5,0.2121,0.0909,0.0588,0.2727,0.3333,0.3529,0.4412,-0.1462,-0.4,0,-0.12,-0.1,-0.05,-0.2,-0.1333,-0.12,-0.15,-0.1515,-0.2,-0.1212,0.3529,0,0,0,0.7857,0.6263,0.5556,0,0.03,0.5789,0.7368,0.5263,0.6842,0.5789,0.625,0.5417,0.6667,0.6667,7800,-7275,525,0.0716,0.2133,0.1417
21,0.16,0,1,1,1,1,0.3228,0.14,0.28,0.17,0.41,0,0,0,0,0.31,0.03,0.13,1,1,1,-0.6,-1,-0.6,0.2,0.6,1,-0.2,0.2,0.2,0.2,0.2,0.6,-1,1,0.6,-0.2,-0.2,0.2,0,0,0.4,0.1,0.2,0.3,0.2,0,0.1,0.1,0,0.9,0.2,0,0.3,0.1,0.1,0.5,0.3,0.4,0.3,0,0.1,0.1,0.3,0.1,0.3,0.3,0.2,0,0.7,0.1,0.3,0.8,0.2,0.5,0.4,0.2,0.4,0.5,0.375,-0.2941,0.4118,0.1765,0.375,-0.0588,0.1,0.3,0.1,0.2,0.1,0,0.25,0.25,0.1,0.1,0.45,0.1,0.2,0.3,0.35,0.15,0.1,0.2,0.3,0.1,0.4,0.55,0.35,0.3,0.45,1,1,1,1,1,1,1,1,1,1,-0.04,0.36,0.04,0.28,0.12,0.16,0.2,0.08,0.4,0.16,0.28,0.28,0.12,0.2,0.16,0.2,0.36,0.48,0.36,0.44,0.24,0.36,0.36,0.28,0.0303,0.3333,0.1176,0.1515,0.1818,0.0882,0.3333,0.1515,0.3529,0.1515,0.1818,0.1765,0.3636,0.4848,0.3824,-0.4338,0.0873,1,0.2,0.16,0.1667,-0.05,0.1333,0.2,0.16,0.15,0.1515,-0.0667,0.1212,-0.3529,1,1,1,1.381,0.6061,0.5455,0,0.08,0.3158,0.5789,0.7368,0.7368,0.6316,0.375,0.5833,0.8333,0.625,7100,-6975,125,0.0574,-0.1414,-0.1988
22,-0.34,-1,0,-1,0,0,-0.7082,0.25,0.42,0.08,0.25,0,0,0,0,0.33,-0.17,-0.17,0,-0.6,0.2,-0.2,-0.6,-0.2,-0.2,-1,-1,0.2,0.2,-0.6,-0.2,0.2,-0.6,-0.2,0.6,-0.6,-1,-0.2,-1,0.3,0.1,0.2,0.4,0.2,0.3,0.2,0.1,0.4,0.3,0.3,0.6,0.4,0.6,0.2,0.4,0.4,0.3,0.5,0.5,0.1,0.1,0,0,0.2,0,0.1,0.2,0,0.1,0.3,0.2,0.4,0,0.4,0.3,0.3,0.4,0.1,0.1,-0.25,-0.4118,-0.2941,-0.1765,-0.25,-0.6471,-0.3,-0.6,-0.1,0,-0.7,0.2,0.3,0.25,0.15,0.35,0.45,0.5,0.3,0.35,0.5,0.1,0,0.1,0.15,0.05,0.25,0.2,0.35,0.35,0.1,1,0,1,1,0,0,0,0,0,0,-0.28,-0.36,-0.28,-0.44,0.2,0.28,0.24,0.28,0.44,0.4,0.4,0.44,0.08,0.08,0.04,0.12,0.28,0.24,0.32,0.16,0.28,0.36,0.28,0.4,-0.3333,-0.2121,-0.4706,0.2424,0.2424,0.2647,0.4242,0.3636,0.4706,0.0606,0.0909,0.0882,0.2727,0.303,0.1765,-0.3971,-0.1373,-0.2,-0.45,-0.32,-0.3333,-0.35,-0.2667,-0.1333,-0.36,-0.35,-0.4545,0.1833,-0.1212,-0.3529,0,0,0,0.4706,0.6667,0.2857,0.0404,0.05,0.7368,0.5789,0.6842,0.6316,0.6842,0.7083,0.5833,0.75,0.6667,8350,-8800,-450,-0.1049,-0.4301,-0.3252
23,-0.22,-1,0,-1,0,0,-0.4473,0.14,0.47,0.24,0.15,0,0,0,0,0.38,0.1,-0.32,0,1,1,-0.2,-1,-0.2,0.6,-1,-0.2,-0.2,-1,-0.6,-1,-0.2,-1,0.2,0.2,-0.2,0.2,0.2,-1,0,0.2,0.1,0.2,0.2,0,0.2,0.2,0.2,0.1,0,0.6,0.3,0.6,0.6,0.9,0.6,0.2,0.3,0.6,0.6,0.1,0.2,0.1,0.1,0.1,0.1,0.4,0.4,0.3,0.4,0.1,0.4,0.1,0.1,0,0.1,0.2,0.1,0,0.5,-0.2941,-0.5294,-0.6471,-0.125,-0.1765,0.2,-0.2,-0.7,-0.2,-0.2,0.1,0.15,0.1,0.2,0.15,0.3,0.45,0.75,0.4,0.45,0.35,0.15,0.1,0.25,0.35,0.25,0.25,0.05,0.15,0.05,1,1,0,1,1,1,0,0,0,0,0.12,-0.36,-0.52,-0.12,0.12,0.16,0.12,0.16,0.32,0.52,0.64,0.4,0.32,0.12,0.16,0.36,0.24,0.2,0.08,0.08,0.44,0.28,0.28,0.52,0.0909,-0.5758,-0.1765,0.0909,0.1818,0.1471,0.3636,0.6061,0.4412,0.2727,0.1212,0.3235,0.2727,0.0909,0.0882,-0.6765,-0.2674,1,0,-0.12,-0.2333,-0.4,-0.3667,-0.4,-0.32,-0.2,-0.1515,-0.3667,-0.2424,-0.5882,0,0,0,0.5152,0.6162,0.4348,0,0.06,0.7895,0.6316,0.4737,0.6842,0.5789,0.7917,0.5417,0.4167,0.6667,8050,-7650,400,-0.2406,0.0755,0.316
24,-0.28,-1,0,-1,0,0,-0.5754,0.15,0.49,0.13,0.23,0,0,0,0,0.28,-0.02,-0.26,0,-0.6,-1,-0.2,-1,0.2,-1,-0.6,0.6,-0.6,0.2,-0.2,-0.6,-0.2,0.2,-0.2,-0.2,-0.6,-1,0.2,1,0,0.3,0,0.2,0.2,0.2,0.1,0.2,0.2,0.1,0.9,0.5,0.7,0.3,0.4,0.5,0.4,0.4,0.7,0.1,0,0.1,0.2,0.2,0.1,0.1,0,0.2,0,0.4,0.1,0.1,0.1,0.3,0.3,0.2,0.5,0.2,0.1,0.4,-0.625,-0.6471,0.0588,-0.2941,-0.25,0.0588,-0.7,-0.2,-0.3,-0.1,-0.1,0.15,0.1,0.2,0.15,0.15,0.7,0.5,0.45,0.4,0.4,0.05,0.2,0.1,0.1,0.2,0.1,0.2,0.25,0.35,0.25,0,1,1,1,1,0,0,0,0,0,-0.52,-0.28,-0.2,-0.12,0.12,0.16,0.16,0.16,0.64,0.48,0.44,0.4,0.12,0.12,0.08,0.2,0.12,0.24,0.32,0.24,0.24,0.28,0.24,0.36,-0.6364,-0.1515,-0.0588,0.1212,0.1818,0.1471,0.697,0.3939,0.3824,0.0909,0.1212,0.1765,0.0909,0.303,0.2941,0.6838,0.5775,-0.8,-0.45,-0.4,-0.4,-0.3,-0.1667,-0.2,-0.16,-0.1,-0.0909,0.2833,0.5455,0.7059,0,0,0,0.7241,0.7071,0.5,0,0.05,0.5789,0.6316,0.8421,0.9474,0.4737,0.625,0.7083,0.9583,0.5833,8200,-9150,-950,-0.4111,-0.306,0.1051
25,-0.1,0,0,-1,1,0,-0.2007,0.3,0.25,0.19,0.26,0,0,0,0,0.49,-0.11,0.01,0,0.2,-0.6,0.2,-0.2,0.2,-0.6,-0.2,0.2,-0.2,-0.2,-0.2,0.2,-0.6,0.2,-0.2,0.2,-0.2,0.2,-0.2,-0.2,0.3,0.4,0.3,0.3,0.3,0.3,0.3,0.2,0.3,0.3,0.3,0.1,0.3,0.2,0.3,0.2,0.3,0.3,0.2,0.3,0.1,0.2,0.3,0.2,0.1,0.2,0.2,0.2,0.3,0.1,0.3,0.3,0.1,0.3,0.3,0.3,0.2,0.3,0.2,0.3,-0.125,-0.1765,-0.0588,-0.0588,0,-0.1765,-0.1,-0.1,-0.1,-0.1,-0.1,0.35,0.3,0.3,0.25,0.3,0.2,0.25,0.25,0.3,0.25,0.15,0.25,0.15,0.2,0.2,0.3,0.2,0.3,0.25,0.25,1,1,1,1,1,0,0,0,0,0,-0.04,-0.2,-0.12,-0.04,0.32,0.32,0.28,0.28,0.2,0.28,0.28,0.24,0.2,0.16,0.2,0.2,0.28,0.24,0.24,0.28,0.52,0.48,0.48,0.48,-0.1515,-0.0909,-0.0588,0.3636,0.2727,0.2647,0.2121,0.2727,0.2647,0.1818,0.1818,0.2059,0.2424,0.2727,0.2647,-0.0515,0.0927,-0.2,-0.1,-0.12,-0.1,-0.1,-0.1,-0.0667,-0.08,-0.1,-0.0909,-0,0.0606,0,0,0,0,0.8519,0.8889,0.5172,0,0.07,0.8421,0.7895,0.8947,0.9474,1,0.8333,0.7917,0.9583,1,7750,-8450,-700,0.0233,0.0312,0.0078
26,-0.2,0,0,-1,1,0,-0.4055,0.26,0.34,0.22,0.18,0,0,0,0,0.48,-0.04,-0.16,0,-0.2,-0.6,-0.2,0.2,-0.6,0.2,-0.2,1,0.2,-0.2,-0.2,-0.2,-0.2,-0.6,-0.2,-0.2,-0.2,-0.6,-0.6,-0.6,0.2,0.1,0.2,0.2,0.3,0.3,0.2,0.3,0.3,0.5,0.5,0.4,0.4,0.1,0.2,0.3,0.5,0.3,0.4,0.3,0.1,0.2,0.3,0.3,0.3,0.3,0.2,0.2,0.1,0.2,0.2,0.3,0.1,0.4,0.2,0.1,0.1,0.2,0.2,0,-0.375,0.0588,0.1765,-0.2941,-0.375,-0.4118,-0.2,0.1,-0.1,-0.3,-0.5,0.15,0.2,0.3,0.25,0.4,0.45,0.25,0.25,0.4,0.35,0.15,0.3,0.3,0.2,0.15,0.25,0.25,0.15,0.15,0.1,1,1,1,1,0,0,1,0,0,0,-0.28,0.2,-0.28,-0.44,0.2,0.2,0.28,0.36,0.44,0.2,0.36,0.36,0.16,0.32,0.24,0.16,0.2,0.28,0.12,0.12,0.36,0.52,0.52,0.52,-0.1515,-0.0303,-0.4118,0.1515,0.2727,0.3529,0.4242,0.2424,0.3529,0.2121,0.2727,0.1765,0.2121,0.2121,0.1176,-0.0368,-0.2602,-0.4,-0.05,-0.04,-0.0667,0.05,-0.3,-0.2667,-0.36,-0.4,-0.3939,-0.25,-0.2424,0,0,0,0,0.4706,0.8182,0.25,0.01,0.09,0.7895,0.6842,0.9474,0.8947,0.7895,0.75,0.75,0.9583,0.7917,8000,-9100,-1100,-0.1787,0.1248,0.3035
27,0.08,0,1,0,1,1,0.1603,0.17,0.29,0.25,0.29,0,0,0,0,0.42,0.08,0,0,-0.2,-0.6,-0.2,-0.2,0.2,-0.6,0.2,0.2,-0.2,0.2,0.6,-0.2,1,0.6,-0.2,0.6,-0.6,0.2,0.6,0.2,0.2,0.2,0.1,0.2,0.1,0.1,0.1,0.2,0.2,0.3,0.5,0.4,0.5,0.2,0.4,0.3,0,0.2,0.4,0,0.1,0.2,0.2,0.1,0.2,0.2,0.5,0.3,0.3,0.4,0.2,0.2,0.2,0.5,0.3,0.4,0.4,0.3,0.1,0.3,-0.375,-0.0588,0.0588,0.4118,0.25,0.1765,-0.3,0,0.1,0.5,0.1,0.2,0.15,0.1,0.15,0.25,0.45,0.35,0.35,0.1,0.2,0.15,0.15,0.2,0.4,0.35,0.2,0.35,0.35,0.35,0.2,1,1,1,1,1,0,0,1,1,1,-0.2,-0.04,0.36,0.2,0.2,0.12,0.16,0.2,0.4,0.4,0.16,0.2,0.16,0.16,0.32,0.36,0.24,0.32,0.36,0.24,0.36,0.28,0.48,0.56,-0.2121,0.2121,0.2353,0.1515,0.1515,0.2059,0.4545,0.2424,0.1765,0.1515,0.2424,0.3529,0.2424,0.3636,0.2647,0.5515,0.4474,-0.4,-0.15,-0.12,-0.0667,-0.05,0.2333,0.4,0.28,0.3,0.2121,0.3833,0.4242,0.5882,1,0,1,1.7778,0.697,0.5385,0,0.1,0.8421,0.5789,0.8421,0.5263,0.6316,0.875,0.5833,0.6667,0.625,7300,-7425,-125,-0.1146,0.0748,0.1894
28,0.02,0,1,0,1,0,0.04,0.23,0.26,0.25,0.26,0,0,0,0,0.48,0.02,0,0,1,-0.6,0.2,0.2,-0.2,0.2,-0.6,0.2,0.6,-0.6,0.2,0.2,0.6,0.2,0.2,-0.2,-0.2,-0.6,-0.2,-0.2,0.2,0.2,0.3,0.2,0.1,0.2,0.1,0.2,0.4,0.4,0.2,0.2,0.2,0.4,0.4,0.2,0.2,0.3,0.3,0.2,0.4,0.4,0.3,0.2,0.3,0.2,0.2,0.3,0.1,0.1,0.2,0.2,0.2,0.2,0.2,0.4,0.5,0.2,0.2,0.3,0.25,-0.0588,-0.0588,0.2941,0.125,-0.4118,0.2,-0.1,0.1,0.2,-0.3,0.2,0.25,0.15,0.15,0.4,0.2,0.3,0.3,0.25,0.25,0.4,0.25,0.25,0.25,0.1,0.2,0.2,0.3,0.35,0.25,1,1,1,1,1,1,0,1,1,0,0.12,-0.04,0.28,-0.28,0.24,0.16,0.12,0.4,0.2,0.36,0.24,0.24,0.36,0.28,0.24,0.12,0.2,0.2,0.4,0.24,0.6,0.44,0.36,0.52,0.0909,0.0909,-0.1176,0.2121,0.1818,0.2941,0.2424,0.2727,0.2647,0.3636,0.2121,0.1765,0.1818,0.3333,0.2647,-0.6618,-0.2086,0.2,0.05,0.04,0.0667,0,0,0.2,0,-0.05,-0.1515,-0.05,-0.2424,-0.5882,0,1,0,1,0.7778,0.5714,0.01,0.07,0.7895,0.7895,0.7895,0.8947,0.6316,0.7917,0.7083,0.9167,0.7083,7450,-7625,-175,-0.2714,-0.1659,0.1054
29,0.14,0,1,1,1,1,0.2819,0.22,0.21,0.27,0.3,0,0,0,0,0.49,0.05,0.09,1,0.2,-0.2,-0.2,0.6,-0.2,0.2,0.2,-0.2,0.2,0.2,0.2,0.2,0.2,0.2,0.2,0.2,0.2,0.2,0.6,-0.2,0.3,0.2,0.2,0.3,0.2,0.2,0.2,0.2,0.2,0.2,0.2,0.2,0.3,0.2,0.2,0.2,0.2,0.2,0.2,0.2,0.2,0.3,0.2,0.3,0.3,0.3,0.3,0.3,0.2,0.3,0.3,0.3,0.3,0.2,0.3,0.3,0.3,0.3,0.4,0.3,0,0.1765,0.0588,0.1765,0.25,0.1765,0.1,0,0.2,0.2,0.2,0.25,0.25,0.2,0.2,0.2,0.2,0.25,0.2,0.2,0.2,0.25,0.25,0.3,0.3,0.25,0.3,0.25,0.3,0.3,0.35,1,1,1,1,1,1,0,1,1,1,0.04,0.12,0.2,0.2,0.28,0.2,0.2,0.2,0.2,0.24,0.2,0.2,0.24,0.28,0.28,0.28,0.28,0.28,0.32,0.32,0.52,0.48,0.48,0.48,0.0909,0.1515,0.1765,0.2424,0.2121,0.2059,0.2121,0.2121,0.2059,0.2424,0.303,0.2647,0.303,0.2727,0.3235,0.1765,0.0856,0,0.05,0.08,0.1,0.1,0.2,0.2,0.2,0.2,0.2121,0.15,0.1212,0.1176,1,1,1,1.5,0.9394,0.4333,0,0.07,0.9474,0.9474,1,1,0.7895,0.9583,0.9583,1,0.8333,7150,-7925,-775,0.1516,-0.0604,-0.212
3,0.32,1,1,1,1,1,0.6633,0.1,0.24,0.39,0.27,0,0,0,0,0.49,0.29,0.03,1,1,-0.2,-0.2,0.2,-0.2,-0.2,-0.2,-0.6,0.2,0.2,0.2,1,0.2,0.6,1,0.6,0.6,0.6,0.6,1,0.2,0.1,0.2,0.2,0.2,0,0.1,0,0,0,0.1,0.4,0.4,0.5,0.2,0.2,0.2,0.1,0.2,0.1,0.3,0.2,0.1,0.1,0.3,0.5,0.5,0.6,0.6,0.7,0.4,0.3,0.3,0.2,0.3,0.3,0.2,0.3,0.2,0.2,0.25,-0.1765,-0.0588,0.5294,0.625,0.7647,0.2,-0.3,0.4,0.6,0.7,0.15,0.2,0.1,0.05,0,0.25,0.45,0.2,0.15,0.15,0.25,0.1,0.4,0.55,0.65,0.35,0.25,0.3,0.25,0.2,1,1,1,1,1,1,0,1,1,1,0.12,-0.12,0.6,0.68,0.12,0.24,0.04,0,0.32,0.32,0.16,0.16,0.2,0.2,0.52,0.64,0.36,0.24,0.28,0.2,0.32,0.44,0.56,0.64,0.0303,0.2121,0.7059,0.2121,0.0909,0,0.2727,0.303,0.1471,0.2121,0.303,0.6471,0.303,0.303,0.2059,0.5147,0.6756,0.4,-0.05,0,0.1,-0.1,0.5667,0.6,0.64,0.65,0.697,0.6167,0.6667,0.5882,1,1,1,4.5556,0.6465,0.4286,0,0.15,0.7895,0.5789,0.6316,0.7895,0.5263,0.7917,0.5,0.7917,0.5417,6700,-6425,275,-0.2048,-0.0802,0.1246
30,-0.1,0,0,-1,1,0,-0.2007,0.18,0.37,0.16,0.29,0,0,0,0,0.34,-0.02,-0.08,0,-0.2,0.2,-0.2,-0.2,-0.2,0.2,-0.2,-0.2,0.2,1,-0.2,-1,-0.2,0.6,-0.2,-0.2,-0.2,-0.6,-0.2,-0.2,0.3,0.2,0.2,0.2,0.1,0.2,0.3,0.2,0,0.1,0.2,0.4,0.3,0.4,0.1,0.6,0.1,0.4,0.7,0.5,0.2,0.1,0.2,0.2,0.2,0.1,0.3,0.2,0,0.1,0.3,0.3,0.3,0.2,0.6,0.1,0.3,0.2,0.3,0.3,-0.125,-0.0588,0.2941,-0.2941,-0.25,-0.1765,-0.1,-0.1,0,0,-0.3,0.25,0.2,0.15,0.25,0.05,0.3,0.35,0.35,0.25,0.6,0.15,0.2,0.15,0.25,0.05,0.3,0.25,0.35,0.25,0.3,1,1,1,1,1,0,0,0,0,0,-0.12,0.2,-0.2,-0.28,0.2,0.2,0.24,0.08,0.36,0.2,0.36,0.56,0.16,0.2,0.2,0.08,0.28,0.4,0.2,0.28,0.36,0.4,0.44,0.16,-0.0909,-0.0303,-0.1765,0.2727,0.1515,0.1176,0.2727,0.3636,0.4706,0.1515,0.1818,0.1471,0.303,0.303,0.2647,-0.0515,-0.0856,0,-0.1,0.04,-0.0667,0.05,-0.1,-0.2,-0.24,-0.15,-0.2121,-0,-0.1212,-0.1176,0,0,0,0.6129,0.7273,0.625,0,0.04,0.8947,0.8947,0.5263,0.8947,0.5263,0.875,0.7083,0.75,0.5417,7750,-8600,-850,0.1882,-0.3104,-0.4986
31,0.02,0,1,0,1,0,0.04,0.23,0.26,0.25,0.26,0,0,0,0,0.48,0.02,0,0,0.2,-0.2,0.2,-0.2,-0.2,0.2,-0.2,0.2,0.2,0.2,-0.2,0.2,-0.2,0.6,0.2,-0.2,-0.2,-0.2,-0.2,0.2,0.2,0.3,0.3,0.2,0.2,0.2,0.2,0.2,0.3,0.2,0.3,0.2,0.2,0.3,0.2,0.3,0.2,0.3,0.3,0.3,0.3,0.3,0.2,0.2,0.3,0.2,0.3,0.3,0.2,0.2,0.2,0.2,0.3,0.3,0.3,0.3,0.3,0.2,0.2,0.3,0.125,-0.1765,0.1765,-0.0588,0.125,-0.0588,0,0,0.1,0.1,-0.1,0.25,0.25,0.2,0.2,0.25,0.25,0.25,0.25,0.25,0.3,0.3,0.2,0.25,0.3,0.2,0.2,0.3,0.3,0.25,0.25,1,1,1,1,1,0,0,1,1,0,-0.04,0.12,0.12,-0.12,0.24,0.24,0.2,0.24,0.28,0.2,0.24,0.32,0.28,0.24,0.24,0.24,0.2,0.32,0.32,0.2,0.52,0.48,0.44,0.48,-0.0303,0.0909,0,0.2727,0.1818,0.2353,0.2424,0.2727,0.2647,0.2727,0.2424,0.2353,0.2121,0.303,0.2647,-0.1838,0.0303,0,0,0.04,0.0333,0.05,0.0333,0.0667,0,0,0.0303,0.0333,0.0606,-0.1176,0,1,0,1,0.9192,0.5714,0.01,0.04,0.9474,0.9474,0.8421,0.9474,1,0.9583,0.875,0.875,1,7450,-7625,-175,0.4196,-0.1123,-0.5319
32,0.08,0,1,0,1,1,0.1603,0.23,0.23,0.29,0.25,0,0,0,0,0.52,0.06,0.02,1,1,-0.2,0.6,0.6,0.2,0.6,-0.2,0.2,-0.2,0.2,-0.2,0.2,-0.2,-0.2,-0.2,0.6,-0.2,0.2,-0.6,-0.6,0.2,0.1,0,0.3,0.3,0.2,0.3,0.2,0.3,0.4,0.1,0.1,0.3,0.2,0.2,0.3,0.3,0.2,0.2,0.4,0.4,0.5,0.3,0.2,0.3,0.2,0.2,0.4,0.3,0.1,0.3,0.3,0.4,0.3,0.2,0.3,0.2,0.2,0.2,0.1,0.5,0.4118,-0.0588,-0.1765,0.25,-0.4118,0.5,0.2,0,0,-0.3,0.15,0.15,0.25,0.25,0.35,0.1,0.25,0.25,0.25,0.3,0.45,0.25,0.25,0.3,0.2,0.3,0.35,0.25,0.2,0.15,1,1,1,1,1,1,1,0,0,0,0.44,0.12,-0.12,-0.12,0.12,0.24,0.28,0.28,0.16,0.2,0.28,0.28,0.4,0.28,0.2,0.28,0.32,0.28,0.24,0.16,0.52,0.52,0.48,0.56,0.4545,-0.0909,-0.1176,0.0909,0.303,0.2941,0.1818,0.2424,0.2647,0.3939,0.2121,0.2647,0.3333,0.2424,0.1765,-0.9118,-0.5722,0.4,0.35,0.28,0.2333,0.25,-0.1,0,-0.12,-0.15,-0.0909,-0.45,-0.5455,-0.8235,0,1,0,0.7857,0.8586,0.6667,0.01,0.07,0.8947,0.8947,0.8421,0.7895,0.8421,0.9167,0.875,0.8333,0.8333,7300,-7750,-450,0.1057,-0.2289,-0.3346
33,-0.1,0,0,-1,1,0,-0.2007,0.17,0.38,0.18,0.27,0,0,0,0,0.35,0.01,-0.11,0,-0.2,-1,-1,-1,-0.6,-0.2,-1,0.2,0.6,0.2,-0.2,-0.2,-0.2,0.2,0.2,0.2,0.6,0.6,0.2,0.6,0.3,0,0.3,0.3,0,0.1,0.2,0.2,0.1,0.2,0.5,1,0.4,0.4,0.3,0.5,0.3,0.2,0.1,0.1,0.1,0,0.2,0.1,0.1,0.2,0.2,0.1,0.4,0.4,0.1,0,0.1,0.2,0.6,0.2,0.3,0.5,0.4,0.3,-0.75,-0.6471,0.1765,-0.0588,0.125,0.5294,-0.8,-0.4,0.1,0.1,0.5,0.15,0.3,0.05,0.2,0.15,0.75,0.4,0.4,0.25,0.1,0.05,0.15,0.15,0.15,0.4,0.05,0.15,0.4,0.4,0.35,0,0,1,1,1,0,0,1,1,1,-0.76,-0.04,-0.04,0.44,0.24,0.12,0.16,0.16,0.64,0.4,0.36,0.12,0.08,0.12,0.2,0.32,0.04,0.36,0.28,0.4,0.32,0.24,0.36,0.48,-0.697,0.0303,0.3529,0.2424,0.1212,0.1471,0.6061,0.3636,0.1765,0.0909,0.1818,0.2647,0.0606,0.3333,0.4118,1.2794,1.0499,-0.6,-0.6,-0.4,-0.3667,-0.35,0.2333,0,0.2,0.3,0.3333,0.8333,1.0303,1.2941,1,0,1,1.5,0.6768,0.3478,0.02,0.07,0.3158,0.7368,0.8421,0.7895,0.7368,0.4167,0.75,0.875,0.6667,7750,-8300,-550,0.1035,0.004,-0.0996
34,-0.24,-1,0,-1,0,0,-0.4895,0.09,0.53,0.09,0.29,0,0,0,0,0.18,0,-0.24,0,0.6,-0.6,0.2,-1,0.2,-0.2,-0.6,1,-0.2,-1,-1,0.2,-1,1,-1,-1,-1,0.2,-0.6,1,0.3,0.1,0.1,0.2,0.1,0,0.1,0,0,0,0.2,0.6,0.4,0.2,0.7,0.7,0.4,1,0.7,0.4,0.2,0,0.1,0.1,0.1,0,0.4,0,0,0,0.3,0.3,0.4,0.5,0.1,0.3,0.1,0,0.3,0.6,0,-0.2941,-0.1765,-0.4118,-0.625,0.0588,-0.2,0.1,-0.5,-0.5,-0.1,0.2,0.15,0.05,0.05,0,0.4,0.3,0.7,0.7,0.55,0.1,0.1,0.05,0.2,0,0.3,0.45,0.2,0.05,0.45,1,1,0,0,1,0,1,0,0,0,-0.12,-0.2,-0.36,-0.28,0.2,0.12,0.04,0,0.36,0.48,0.64,0.64,0.08,0.12,0.16,0,0.36,0.28,0.16,0.36,0.28,0.24,0.2,0,-0.1515,-0.3333,-0.2353,0.1818,0.0909,0,0.3939,0.5758,0.6176,0.1212,0.0303,0.1176,0.303,0.303,0.2647,0.0588,-0.0838,0,-0.05,-0.16,-0.2,-0.2,-0.3667,-0.4667,-0.32,-0.3,-0.2727,-0.3167,-0.1212,0.1176,0,0,0,0.5152,0.3737,0.6,0,0.03,0.6316,0.5789,0.2632,0.2632,0.1579,0.625,0.4583,0.2917,0.125,8100,-8100,0,-0.2875,-0.3342,-0.0467
35,0.2,1,1,1,1,1,0.4055,0.14,0.26,0.26,0.34,0,0,0,0,0.4,0.12,0.08,1,-0.2,-1,-0.2,0.2,-0.2,-0.2,1,0.2,-0.2,1,-0.2,-0.2,-0.2,0.2,0.2,0.2,1,1,0.6,1,0.2,0.2,0.1,0.1,0.3,0.1,0.2,0.2,0,0,0.6,0.3,0.5,0.1,0,0.5,0.3,0.2,0,0.1,0.1,0.2,0.3,0.2,0.6,0.1,0.2,0.3,0.5,0.1,0.1,0.3,0.1,0.6,0.1,0.3,0.3,0.3,0.5,0.8,-0.5,0.1765,0.4118,-0.1765,0.375,0.8824,-0.3,0.2,0.1,0.1,0.9,0.2,0.1,0.2,0.2,0,0.45,0.3,0.25,0.25,0.05,0.15,0.25,0.35,0.25,0.3,0.2,0.35,0.2,0.3,0.65,1,1,1,1,1,0,1,1,1,1,-0.28,0.36,-0.04,0.76,0.16,0.2,0.16,0.04,0.48,0.12,0.36,0.08,0.16,0.4,0.16,0.32,0.2,0.28,0.32,0.56,0.32,0.6,0.32,0.36,-0.1515,0.0909,0.6471,0.1515,0.1818,0.0882,0.4242,0.2727,0.0882,0.1818,0.303,0.2941,0.2424,0.2424,0.5294,1.3824,0.7986,-0.6,-0.05,0.04,0,0.2,0.3667,0,0.36,0.5,0.6364,0.4167,0.7879,1.2941,1,0,1,2.125,0.5859,0.3846,0.01,0.12,0.6842,0.5789,0.5789,0.8421,0.2105,0.6667,0.5417,0.7917,0.3333,7000,-6975,25,-0.1225,0.1585,0.2811
36,0.14,0,1,1,1,1,0.2819,0.17,0.26,0.28,0.29,0,0,0,0,0.45,0.11,0.03,1,0.2,0.2,-0.6,0.2,-0.2,0.2,0.2,-0.2,-0.2,0.2,0.2,0.2,0.2,0.2,0.2,0.6,0.6,0.2,0.6,-0.2,0.3,0.4,0.2,0.2,0.1,0.2,0.1,0.1,0.1,0,0.1,0.2,0.3,0.3,0.4,0.2,0.3,0.2,0.2,0.4,0.2,0.1,0.4,0.3,0.3,0.2,0.4,0.2,0.3,0.4,0.4,0.3,0.1,0.2,0.2,0.4,0.2,0.5,0.4,0.2,0,0.0588,-0.0588,0.2941,0.375,0.1765,0,0,0.1,0.3,0.3,0.35,0.2,0.15,0.1,0.05,0.15,0.3,0.3,0.25,0.3,0.15,0.35,0.25,0.3,0.35,0.35,0.15,0.3,0.35,0.3,1,1,1,1,1,0,0,1,1,1,-0.04,0.04,0.2,0.36,0.32,0.16,0.16,0.04,0.2,0.32,0.24,0.28,0.2,0.32,0.28,0.32,0.28,0.2,0.32,0.36,0.52,0.48,0.44,0.36,0.0303,0.0909,0.2941,0.303,0.1212,0.0882,0.1818,0.3333,0.2647,0.2424,0.2727,0.3235,0.2727,0.2727,0.3235,0.1765,0.2638,0.2,0,0,0.0333,-0.05,0.2333,0.2667,0.28,0.3,0.2727,0.2333,0.2424,0.1176,1,1,1,1.7778,0.8384,0.5357,0,0.08,0.8421,0.7368,1,1,0.7895,0.7917,0.7917,0.9583,0.7917,7150,-7475,-325,-0.1063,0.2914,0.3977
37,0.46,1,1,1,1,1,0.9946,0.1,0.17,0.49,0.24,0,0,0,0,0.59,0.39,0.07,1,-0.2,-0.2,-0.2,-1,-0.2,0.2,-0.2,1,0.2,0.6,0.2,1,1,1,1,1,1,1,1,1,0.3,0.2,0.2,0.1,0,0.2,0,0,0,0,0.3,0.6,0.3,0.2,0.3,0,0,0,0,0,0.2,0.1,0.2,0.3,0.5,0.5,0.7,0.9,0.6,0.9,0.2,0.1,0.3,0.4,0.2,0.3,0.3,0.1,0.4,0.1,-0.25,-0.2941,0.5294,0.7647,1,1,-0.4,0.2,0.5,1,1,0.25,0.15,0.1,0,0,0.45,0.25,0.15,0,0,0.15,0.25,0.5,0.8,0.75,0.15,0.35,0.25,0.2,0.25,0,1,1,1,1,0,1,1,1,1,-0.36,0.36,0.84,1,0.24,0.08,0.08,0,0.44,0.24,0,0,0.16,0.36,0.64,0.8,0.16,0.32,0.28,0.2,0.4,0.44,0.72,0.8,-0.2727,0.6364,1,0.2424,0.0606,0,0.3939,0.1212,0,0.1515,0.5455,0.7647,0.2121,0.2727,0.2353,1.25,1.2727,-0.2,-0.1,0,0.1,0.05,0.8333,0.8667,0.92,1,1,0.9333,1.2727,1.2941,1,1,1,24,0.5758,0.25,0.01,0.22,0.5789,0.7895,0.7895,0.3158,0.4211,0.625,0.8333,0.5417,0.3333,6350,-5450,900,-0.2458,NA,NA
38,0.26,1,1,1,1,1,0.5322,0.16,0.21,0.27,0.36,0,0,0,0,0.43,0.11,0.15,1,0.2,0.2,-0.2,0.2,-0.2,0.2,0.6,0.2,0.2,0.2,0.2,0.6,0.6,-0.2,0.6,0.6,-0.2,1,0.6,-0.2,0.1,0.2,0.2,0.2,0.2,0.1,0.2,0.1,0.2,0.1,0.3,0.3,0.3,0.1,0.2,0.2,0.2,0.1,0.1,0.3,0.4,0.2,0.3,0.2,0.2,0.3,0.3,0.2,0.3,0.3,0.2,0.3,0.2,0.5,0.4,0.4,0.3,0.6,0.4,0.3,0,0.2941,0.1765,0.4118,0.375,0.2941,0.1,0.2,0.3,0.4,0.3,0.15,0.2,0.15,0.15,0.15,0.3,0.2,0.2,0.15,0.2,0.3,0.25,0.25,0.25,0.3,0.25,0.35,0.4,0.45,0.35,1,1,1,1,1,1,1,1,1,1,0.04,0.28,0.36,0.36,0.16,0.2,0.12,0.16,0.32,0.16,0.2,0.16,0.28,0.24,0.32,0.24,0.24,0.4,0.36,0.44,0.44,0.44,0.44,0.4,0.1515,0.2727,0.3529,0.1515,0.1818,0.1471,0.2727,0.1818,0.1765,0.303,0.2424,0.2647,0.2727,0.3939,0.4118,0.2941,0.2014,0.2,0.15,0.16,0.2,0.15,0.3333,0.4,0.36,0.35,0.3333,0.1833,0.1818,0.3529,1,1,1,2.125,0.8788,0.4643,0,0.1,1,0.8421,0.7895,0.8421,0.8947,1,0.7917,0.9583,0.7917,6850,-7425,-575,-0.1735,0.2321,0.4055
39,-0.08,0,0,0,1,0,-0.1603,0.12,0.42,0.11,0.35,0,0,0,0,0.23,-0.01,-0.07,0,0.2,-0.6,-0.6,-0.2,0.2,-0.6,-0.2,0.2,-0.6,1,-0.2,1,0.2,-0.2,-1,0.6,-0.6,1,-1,-0.2,0.3,0.1,0.1,0.2,0.2,0.1,0,0,0,0.2,0.3,0.6,0.5,0.3,0.2,0.2,0.5,0.6,0.4,0.6,0.3,0.1,0.1,0.1,0.1,0.2,0.1,0,0,0.1,0.1,0.2,0.3,0.4,0.5,0.5,0.4,0.4,0.6,0.1,-0.375,-0.1765,0.1765,0.1765,-0.25,-0.0588,-0.3,-0.1,0.3,-0.1,-0.2,0.2,0.15,0.15,0,0.1,0.45,0.4,0.2,0.55,0.5,0.2,0.1,0.15,0.05,0.05,0.15,0.35,0.5,0.4,0.35,1,1,1,1,1,0,0,1,0,0,-0.2,-0.04,-0.04,-0.04,0.16,0.2,0.04,0.08,0.44,0.32,0.48,0.44,0.2,0.08,0.12,0.04,0.2,0.4,0.36,0.44,0.36,0.28,0.16,0.12,-0.2727,0.2121,-0.1765,0.1515,0.1515,0.0588,0.4848,0.2424,0.5294,0.1818,0.1212,0.0294,0.1818,0.4848,0.3824,0.3162,0.0963,-0.2,-0.2,-0.12,-0.0333,-0.1,0,0.0667,-0.04,-0.15,-0.1515,0.2,0.1212,0.3529,0,0,0,0.9231,0.5253,0.6842,0,0.05,0.6842,0.5263,0.5263,0.3684,0.4737,0.6667,0.4583,0.5417,0.4583,7700,-7850,-150,-0.1639,-0.215,-0.0511
4,0.4,1,1,1,1,1,0.8473,0.12,0.18,0.33,0.37,0,0,0,0,0.45,0.21,0.19,1,-0.2,-0.6,-1,1,-0.6,0.2,-1,0.2,1,1,1,0.2,0.6,1,0.2,1,1,1,1,1,0.3,0,0.2,0.2,0,0.2,0.1,0.2,0,0,0.4,0.5,0.4,0.5,0,0,0,0,0,0,0.3,0,0,0,0.7,0.8,0.9,0.6,0,0,0,0.5,0.4,0.3,0.3,0,0,0.2,1,1,-0.5,-0.0588,0.5294,0.6471,0.75,1,-0.2,-0.3,0.8,0.7,1,0.15,0.2,0.1,0.15,0,0.45,0.45,0,0,0,0.15,0,0.75,0.75,0,0.25,0.35,0.15,0.1,1,1,1,1,1,1,0,0,1,1,1,-0.28,0.28,0.6,1,0.12,0.16,0.2,0,0.52,0.2,0,0,0.12,0.28,0.8,0.12,0.24,0.36,0,0.88,0.24,0.44,1,0.12,-0.2727,0.5758,0.8824,0.1515,0.1515,0.0588,0.4848,0.0606,0,0.0909,0.6061,0.2941,0.2727,0.1818,0.6471,1.5,1.1551,-0.4,-0.25,0,0.1,0.1,0.8333,0.6667,0.8,0.85,0.8788,1.0833,1.1515,1.4118,1,1,1,9,0.1717,0.2963,0,0.18,0.1579,0.3158,0.1579,0.2632,0,0.1667,0.2083,0.25,0.0417,6500,-5850,650,-0.1724,-0.184,-0.0115
40,-0.26,-1,0,-1,0,0,-0.5322,0.19,0.44,0.23,0.14,0,0,0,0,0.42,0.04,-0.3,0,-0.2,-1,-0.2,-0.2,-1,-1,-1,-1,-0.2,-0.2,-0.6,1,-1,0.6,-0.2,0.6,-0.2,0.2,-0.6,1,0.2,0.3,0.2,0.2,0.3,0.1,0.2,0.1,0.2,0.1,0.6,0.3,0.8,0.8,0.3,0.3,0.4,0.3,0.3,0.3,0.1,0.2,0,0,0.1,0.2,0.2,0.5,0.4,0.6,0.1,0.2,0,0,0.3,0.4,0.2,0.1,0.1,0,-0.5,-0.7647,-0.5294,-0.1765,0.125,0.2941,-0.4,-1,0,0,0.1,0.25,0.2,0.2,0.15,0.15,0.45,0.8,0.3,0.35,0.3,0.15,0,0.15,0.35,0.5,0.15,0,0.35,0.15,0.05,0,0,1,1,1,0,0,0,0,1,-0.52,-0.68,-0.04,0.2,0.2,0.28,0.16,0.12,0.56,0.56,0.36,0.28,0.12,0.04,0.2,0.56,0.12,0.12,0.28,0.04,0.32,0.32,0.36,0.68,-0.6364,-0.3939,0.2353,0.2121,0.2424,0.1176,0.6061,0.4545,0.2647,0.0909,0.0909,0.5,0.0909,0.2121,0.1176,0.7941,0.8717,-0.6,-0.7,-0.6,-0.4667,-0.6,0.0333,0.0667,0.08,0.05,0.2121,0.7333,0.8485,0.8235,0,0,1,1.1739,0.4949,0.32,0.02,0.07,0.6842,0.2105,0.6316,0.4211,0.4211,0.5833,0.4167,0.5833,0.4167,8150,-8250,-100,0.0945,-0.1417,-0.2361
41,-0.2,0,0,-1,1,0,-0.4055,0.14,0.46,0.16,0.24,0,0,0,0,0.3,0.02,-0.22,0,0.2,-1,-0.6,0.6,-0.2,0.2,-0.2,-0.2,0.2,-0.6,0.2,-1,-0.2,-1,-0.2,-0.2,0.2,-0.2,-0.2,0.2,0.2,0.1,0.3,0.2,0.1,0.1,0.2,0.2,0,0,0.5,0.4,0.2,0.4,0.5,0.6,0.6,0.4,0.5,0.5,0.1,0.2,0.2,0.2,0.1,0.1,0.1,0.2,0.2,0.2,0.2,0.3,0.3,0.2,0.3,0.2,0.1,0.2,0.3,0.3,-0.375,0.0588,-0.1765,-0.4118,-0.25,-0.0588,-0.2,-0.1,-0.3,-0.4,0,0.15,0.25,0.1,0.2,0,0.45,0.3,0.55,0.5,0.5,0.15,0.2,0.1,0.15,0.2,0.25,0.25,0.25,0.15,0.3,1,1,1,0,1,0,0,0,0,0,-0.2,-0.12,-0.44,-0.04,0.2,0.16,0.16,0.04,0.4,0.4,0.56,0.48,0.16,0.16,0.12,0.2,0.24,0.28,0.16,0.28,0.36,0.32,0.28,0.24,-0.1515,-0.2727,-0.1765,0.2121,0.1515,0.0588,0.3636,0.4848,0.5294,0.1818,0.1212,0.1765,0.2424,0.2424,0.2353,0.3162,-0.025,-0.4,-0.15,-0.16,-0.2,-0.1,-0.2333,-0.4,-0.24,-0.2,-0.1515,-0.0833,0,0.3529,0,0,0,0.6129,0.7273,0.6,0,0.03,0.6842,0.8947,0.4737,0.7368,0.8947,0.7083,0.75,0.5833,0.875,8000,-7700,300,-0.2574,0.1976,0.4549
42,0.54,1,1,1,1,1,1.2083,0.1,0.13,0.28,0.49,0,0,0,0,0.38,0.18,0.36,1,-1,-1,0.2,0.6,1,1,1,1,0.6,1,1,0.2,1,1,0.2,0.6,1,0.2,0.6,0.6,0.1,0.3,0,0,0.1,0.1,0,0.2,0.2,0,0.9,0,0,0,0,0.1,0,0.1,0,0.2,0,0.3,0.5,0.2,0.3,0,0.3,0.7,0.2,0.3,0,0.4,0.5,0.8,0.6,0.8,0.7,0,0.6,0.5,-0.625,1,0.8824,0.7647,0.625,0.5294,-0.3,1,0.7,0.7,0.6,0.2,0,0.1,0.1,0.1,0.45,0,0.05,0.05,0.1,0.15,0.35,0.15,0.5,0.25,0.2,0.65,0.7,0.35,0.55,1,1,1,1,1,0,1,1,1,1,-0.04,0.92,0.68,0.6,0.16,0.04,0.12,0.08,0.36,0,0.04,0.12,0.16,0.36,0.24,0.36,0.32,0.6,0.6,0.44,0.32,0.4,0.36,0.44,0.2121,0.8182,0.5882,0.1212,0.0606,0.1176,0.2727,0.0303,0.0882,0.303,0.0909,0.4412,0.303,0.8182,0.3529,1.1544,0.3761,-1,0.35,0.44,0.4667,0.8,0.6667,0.6667,0.64,0.65,0.5758,0.3167,0.3636,1.0588,1,1,1,4.5556,0.3131,0.2174,0,0.17,0.2632,0.2105,0.2632,0.3684,0.4737,0.25,0.25,0.2917,0.4583,6150,-4125,2025,0.0983,-0.1693,-0.2676
43,-0.24,-1,0,-1,0,0,-0.4895,0.12,0.5,0.15,0.23,0,0,0,0,0.27,0.03,-0.27,0,-0.2,-0.6,-0.2,0.2,-0.2,-0.2,0.2,-0.6,-0.2,0.6,-0.2,-1,-0.2,0.2,-0.2,-1,-0.2,-0.6,0.2,-0.6,0.2,0.1,0.1,0.1,0.2,0.1,0.1,0.1,0.1,0.1,0.5,0.4,0.5,0.5,0.2,0.7,0.4,0.7,0.6,0.5,0.1,0.2,0.2,0.1,0.1,0.1,0.1,0.1,0.2,0.3,0.2,0.3,0.2,0.3,0.5,0.1,0.4,0.1,0.1,0.1,-0.375,-0.0588,0.0588,-0.5294,-0.125,-0.4118,-0.2,-0.2,-0.2,-0.3,-0.3,0.15,0.1,0.15,0.1,0.1,0.45,0.5,0.45,0.55,0.55,0.15,0.15,0.1,0.1,0.25,0.25,0.25,0.3,0.25,0.1,1,1,1,1,1,0,0,0,0,0,-0.2,-0.04,-0.28,-0.44,0.16,0.12,0.12,0.08,0.44,0.4,0.52,0.64,0.16,0.12,0.12,0.2,0.24,0.36,0.24,0.08,0.32,0.24,0.24,0.28,-0.2121,-0.2121,-0.2941,0.1515,0.1212,0.0882,0.4545,0.4848,0.5588,0.1818,0.0909,0.1765,0.2121,0.303,0.1765,-0.0368,-0.082,-0.4,-0.2,-0.12,-0.2,-0.05,-0.2667,-0.4,-0.36,-0.3,-0.2727,-0.0667,-0.0606,0,0,0,0,0.4706,0.5758,0.75,0,0.02,0.7368,0.5789,0.4737,0.5263,0.5789,0.7917,0.4583,0.625,0.4583,8100,-8700,-600,-0.3633,0.1046,0.468
44,-0.14,0,0,-1,1,0,-0.2819,0.2,0.37,0.22,0.21,0,0,0,0,0.42,0.02,-0.16,0,0.2,-1,-0.2,-0.2,-0.2,-0.2,0.2,-0.2,-0.2,-0.6,-0.2,0.6,0.2,-0.2,-0.2,-0.2,-0.2,1,-0.2,-1,0.1,0.2,0.2,0.2,0.3,0.2,0.2,0.2,0.1,0.3,0.6,0.4,0.4,0.3,0.4,0.2,0.3,0.4,0.2,0.5,0.2,0.2,0.3,0.3,0.2,0.2,0.3,0.2,0.2,0.1,0.1,0.2,0.1,0.2,0.1,0.4,0.2,0.2,0.5,0.1,-0.375,-0.0588,-0.2941,0.0588,-0.125,-0.0588,-0.3,-0.1,-0.1,-0.1,-0.1,0.15,0.2,0.25,0.2,0.2,0.5,0.35,0.3,0.35,0.35,0.2,0.3,0.2,0.25,0.15,0.15,0.15,0.25,0.2,0.3,1,1,1,1,1,0,0,0,0,0,-0.28,-0.2,0.04,-0.12,0.12,0.28,0.2,0.2,0.52,0.32,0.28,0.36,0.2,0.28,0.24,0.16,0.16,0.12,0.28,0.28,0.32,0.56,0.44,0.36,-0.2121,-0.0909,-0.1176,0.1515,0.2424,0.2059,0.4545,0.303,0.3529,0.2727,0.2121,0.1765,0.1212,0.2424,0.2647,0.3162,0.0945,-0.4,-0.2,-0.24,-0.1667,-0.2,-0.1,0,-0.04,-0.1,-0.0909,0.1,0.1212,0.3529,0,0,0,0.9231,0.7778,0.6154,0,0.05,0.6842,0.6316,0.8947,1,0.6316,0.6667,0.75,1,0.7083,7850,-8500,-650,-0.0595,-0.317,-0.2575
45,0.1,0,1,1,1,1,0.2007,0.24,0.21,0.24,0.31,0,0,0,0,0.48,0,0.1,1,-0.2,0.2,0.2,-0.2,0.2,-0.2,0.2,-0.2,0.2,0.2,0.2,0.2,0.2,0.2,0.2,0.2,0.2,-0.2,0.2,0.2,0.2,0.1,0.1,0.3,0.3,0.3,0.2,0.3,0.3,0.3,0.3,0.4,0.4,0.2,0.1,0.1,0.2,0.1,0.2,0.1,0.3,0.2,0.2,0.2,0.3,0.3,0.2,0.2,0.2,0.3,0.2,0.3,0.3,0.3,0.3,0.3,0.4,0.4,0.3,0.3,0,0.0588,0.0588,0.2941,0,0.1765,0,0,0.2,0.2,0.1,0.15,0.2,0.3,0.25,0.3,0.35,0.3,0.1,0.15,0.15,0.25,0.2,0.3,0.2,0.25,0.25,0.3,0.3,0.4,0.3,1,1,1,1,1,0,0,1,1,1,0.04,0.04,0.2,0.12,0.12,0.28,0.24,0.32,0.36,0.2,0.16,0.12,0.24,0.24,0.24,0.24,0.28,0.28,0.36,0.32,0.36,0.52,0.48,0.56,0.0303,0.1515,0.1176,0.1515,0.2727,0.2941,0.3333,0.1515,0.1471,0.2424,0.2424,0.2353,0.2727,0.3333,0.3235,0.1765,0.0873,0,0,0.04,0.0667,0.05,0.1667,0.2,0.16,0.15,0.0909,0.1667,0.0606,0.2353,1,1,1,1.381,0.9091,0.6786,0.01,0.05,0.8421,1,0.8947,0.8947,1,0.8333,0.9167,0.875,1,7250,-8200,-950,-0.1703,-0.1887,-0.0184
46,-0.18,0,0,-1,1,0,-0.364,0.14,0.45,0.09,0.32,0,0,0,0,0.23,-0.05,-0.13,0,-0.2,-0.6,-0.2,-0.2,-0.6,0.2,-0.2,-0.2,-0.2,0.2,0.2,-0.2,-0.2,-0.6,-0.2,-0.2,-0.2,0.2,-0.6,0.2,0.3,0.1,0.1,0.2,0.1,0.1,0.1,0.1,0.1,0.2,0.4,0.5,0.5,0.4,0.4,0.4,0.6,0.5,0.4,0.4,0,0.2,0.1,0.2,0.2,0,0,0.1,0,0.1,0.3,0.2,0.3,0.2,0.3,0.5,0.3,0.3,0.5,0.3,-0.375,-0.1765,-0.0588,-0.0588,-0.25,-0.1765,-0.3,-0.2,0,-0.3,-0.1,0.2,0.15,0.1,0.1,0.15,0.45,0.45,0.4,0.55,0.4,0.1,0.15,0.1,0.05,0.05,0.25,0.25,0.4,0.3,0.4,1,1,1,1,1,0,0,0,0,0,-0.36,-0.04,-0.2,-0.12,0.2,0.12,0.12,0.12,0.48,0.4,0.48,0.44,0.12,0.16,0.04,0.04,0.2,0.32,0.36,0.4,0.32,0.28,0.16,0.16,-0.2727,-0.0909,-0.1765,0.1818,0.0909,0.1471,0.4545,0.4545,0.4412,0.1212,0.0909,0.0588,0.2424,0.3636,0.3529,0.1985,0.0963,-0.4,-0.25,-0.2,-0.1667,-0.15,-0.1333,-0.2,-0.16,-0.2,-0.2121,0.1167,0.0606,0.2353,0,0,0,0.7241,0.7778,0.7778,0,0.02,0.6316,0.8421,0.7895,0.8421,0.7895,0.625,0.875,0.7917,0.7917,7950,-7800,150,-0.1009,-0.2134,-0.1126
47,-0.16,0,0,-1,1,0,-0.3228,0.17,0.41,0.13,0.29,0,0,0,0,0.3,-0.04,-0.12,0,-0.2,-0.2,-0.2,-0.2,-0.2,0.6,0.2,-1,-0.2,0.6,-0.6,0.6,-0.2,0.2,-1,-0.2,0.2,0.6,-1,-1,0.3,0.2,0.2,0.2,0.1,0.2,0.1,0.2,0.2,0,0.3,0.4,0.2,0.5,0.3,0.3,0.4,0.6,0.1,1,0.2,0.1,0.2,0.2,0.2,0,0,0,0.4,0,0.2,0.3,0.4,0.1,0.4,0.5,0.5,0.2,0.3,0,-0.25,0.2941,-0.2941,-0.1765,-0.25,-0.2941,-0.2,-0.1,0.1,-0.3,-0.3,0.25,0.2,0.15,0.15,0.1,0.35,0.35,0.3,0.5,0.55,0.15,0.2,0.1,0,0.2,0.25,0.25,0.45,0.35,0.15,1,1,1,1,1,0,0,1,0,0,-0.2,0.04,-0.2,-0.28,0.24,0.16,0.2,0.08,0.36,0.32,0.4,0.56,0.16,0.2,0,0.16,0.24,0.32,0.4,0.2,0.4,0.36,0.2,0.24,0.0303,-0.2121,-0.2941,0.2121,0.1818,0.1176,0.2727,0.4242,0.5294,0.2121,0.0606,0.1176,0.303,0.3333,0.2353,-0.0441,-0.3244,-0.2,-0.15,-0.08,-0.0667,-0.05,-0.1667,-0.2,-0.24,-0.3,-0.2727,-0.0167,-0.303,-0.1176,0,0,0,0.6129,0.5758,0.4348,0.01,0.07,0.8421,0.7895,0.5789,0.4211,0.2105,0.875,0.7083,0.4583,0.2083,7900,-8450,-550,-0.3601,-0.0128,0.3473
48,0.2,0,1,1,1,1,0.4055,0.13,0.27,0.23,0.37,0,0,0,0,0.36,0.1,0.1,1,0.2,-0.2,0.2,-0.2,0.2,0.2,0.2,0.2,0.6,-0.2,0.6,-0.2,0.2,0.6,0.2,0.6,-0.2,0.6,0.2,0.2,0.3,0.2,0,0.2,0.1,0.1,0.1,0.1,0.1,0.1,0.2,0.3,0.4,0.2,0.3,0.3,0.2,0.2,0.3,0.3,0.3,0.2,0.2,0.2,0.2,0.2,0.2,0.3,0.2,0.3,0.2,0.3,0.4,0.4,0.4,0.4,0.5,0.4,0.4,0.3,0,0.1765,0.1765,0.2941,0.25,0.2941,0,0.2,0.2,0.4,0.2,0.25,0.1,0.1,0.1,0.1,0.25,0.3,0.3,0.2,0.3,0.25,0.2,0.2,0.25,0.25,0.25,0.4,0.4,0.45,0.35,1,1,1,1,1,0,1,1,1,1,0.04,0.2,0.28,0.28,0.2,0.12,0.08,0.12,0.28,0.28,0.28,0.24,0.24,0.2,0.2,0.28,0.28,0.4,0.44,0.36,0.44,0.32,0.28,0.4,0.0909,0.2121,0.2941,0.1818,0.0909,0.1176,0.2727,0.303,0.2353,0.2424,0.1818,0.2647,0.303,0.4242,0.3824,0.2941,0.2032,0,0.1,0.12,0.1333,0.15,0.2667,0.3333,0.28,0.3,0.2727,0.1667,0.1818,0.2353,1,1,1,1.7778,0.8788,0.6522,0,0.08,1,0.7368,0.9474,0.9474,0.7895,1,0.75,0.9583,0.8333,7000,-6850,150,-0.1868,-0.2344,-0.0476
49,0.2,1,1,1,1,1,0.4055,0.15,0.25,0.27,0.33,0,0,0,0,0.42,0.12,0.08,1,0.2,-0.2,-0.2,0.2,-0.2,0.6,0.6,0.2,0.6,0.2,0.2,-0.2,0.2,0.2,0.2,0.2,0.2,0.6,0.2,0.2,0.3,0.1,0.1,0.1,0.1,0.2,0.2,0.1,0.1,0.2,0.2,0.4,0.3,0.2,0.2,0.3,0.2,0.3,0.2,0.2,0.3,0.2,0.1,0.4,0.3,0.2,0.2,0.3,0.4,0.3,0.2,0.3,0.5,0.3,0.4,0.3,0.4,0.3,0.3,0.3,0,0.2941,0.2941,0.0588,0.25,0.2941,0,0.3,0.2,0.2,0.3,0.2,0.1,0.15,0.15,0.15,0.3,0.25,0.25,0.25,0.2,0.25,0.25,0.25,0.25,0.35,0.25,0.4,0.35,0.35,0.3,1,1,1,1,1,0,1,1,1,1,-0.04,0.44,0.12,0.28,0.16,0.12,0.2,0.12,0.36,0.16,0.24,0.24,0.2,0.32,0.24,0.32,0.28,0.4,0.32,0.32,0.36,0.44,0.44,0.44,0.1515,0.2121,0.2353,0.1515,0.1515,0.1471,0.2727,0.2424,0.2353,0.2424,0.2424,0.3235,0.3333,0.3636,0.2941,0.2941,0.0838,0,0.15,0.2,0.1667,0.25,0.2333,0.1333,0.2,0.25,0.2727,0.0833,0.1212,0.2353,1,1,1,1.5,0.9192,0.5556,0,0.09,0.9474,0.7368,1,0.9474,0.9474,0.875,0.875,0.9583,0.9583,7000,-7175,-175,-0.2183,0.0173,0.2357
5,-0.16,0,0,-1,1,0,-0.3228,0.22,0.36,0.14,0.28,0,0,0,0,0.36,-0.08,-0.08,0,-0.2,0.2,-0.2,-0.6,-0.2,0.2,-0.2,-0.2,-0.2,0.2,-0.2,-0.2,-0.2,0.2,-0.6,-0.2,-0.6,0.2,-0.6,0.2,0.3,0.2,0.2,0.2,0.1,0.3,0.2,0.2,0.3,0.2,0.2,0.5,0.3,0.4,0.4,0.3,0.3,0.5,0.3,0.4,0.2,0.1,0.2,0.2,0.1,0.2,0.1,0.1,0.1,0.1,0.3,0.2,0.3,0.2,0.4,0.2,0.4,0.2,0.3,0.3,-0.125,-0.1765,-0.0588,-0.2941,-0.125,-0.1765,-0.2,-0.1,-0.1,-0.2,-0.2,0.25,0.2,0.2,0.2,0.25,0.35,0.35,0.35,0.4,0.35,0.15,0.2,0.15,0.1,0.1,0.25,0.25,0.3,0.3,0.3,1,1,1,1,1,0,0,0,0,0,-0.2,-0.04,-0.2,-0.2,0.28,0.12,0.24,0.24,0.32,0.4,0.36,0.36,0.16,0.16,0.12,0.12,0.24,0.32,0.28,0.28,0.44,0.28,0.36,0.36,-0.1515,-0.1515,-0.1765,0.2424,0.2121,0.2059,0.3333,0.3636,0.3824,0.1515,0.1818,0.0882,0.2727,0.2424,0.3235,-0.0515,-0.025,0,-0.15,-0.12,-0.1333,-0.15,-0.1667,-0.2,-0.2,-0.2,-0.1515,-0.0167,-0,0,0,0,0,0.6667,0.9091,0.4583,0,0.01,0.9474,1,0.9474,0.7895,0.8947,0.9583,0.9167,0.875,0.875,7900,-8650,-750,-0.1694,-0.0654,0.104
50,0.12,0,1,1,1,1,0.2412,0.18,0.26,0.19,0.37,0,0,0,0,0.37,0.01,0.11,1,0.2,0.6,-0.2,-1,-0.2,1,0.2,0.2,0.2,-0.2,0.2,-0.2,0.6,1,0.2,-0.2,0.2,0.2,-0.2,-0.2,0.3,0.1,0.1,0.1,0.3,0.3,0,0.2,0.2,0.2,0,0.7,0.2,0.3,0.2,0.2,0.1,0.3,0.2,0.4,0.2,0.1,0.3,0.2,0.2,0.2,0.3,0.2,0.1,0.1,0.5,0.1,0.4,0.4,0.3,0.3,0.6,0.3,0.5,0.3,0.125,0.0588,0.0588,0.2941,0.125,0.0588,-0.1,0.3,0,0.4,0,0.2,0.1,0.3,0.1,0.2,0.35,0.25,0.2,0.2,0.3,0.15,0.25,0.2,0.25,0.1,0.3,0.4,0.3,0.45,0.4,1,1,1,1,1,0,1,0,1,0,-0.12,0.28,0.36,-0.04,0.2,0.16,0.16,0.2,0.36,0.2,0.16,0.32,0.16,0.24,0.24,0.12,0.28,0.4,0.44,0.36,0.36,0.4,0.4,0.32,0.0909,0.1515,0.1176,0.1515,0.2121,0.1765,0.303,0.2121,0.2647,0.2121,0.2121,0.1471,0.3333,0.3636,0.4118,-0.0662,0.0267,0.4,0.1,0.08,0.0667,0,0.1333,0.2667,0.16,0.2,0.0909,0.0333,0,0,1,1,1,1.381,0.697,0.6,0,0.07,0.4211,0.8421,0.6842,0.6842,0.7895,0.5417,0.75,0.6667,0.7917,7200,-7700,-500,-0.2014,0.1632,0.3646
51,0.3,1,1,1,1,1,0.619,0.14,0.21,0.43,0.22,0,0,0,0,0.57,0.29,0.01,1,0.2,-0.2,0.2,-1,-0.2,0.2,0.2,1,1,0.6,-0.2,0.2,1,1,0.2,0.2,0.2,1,0.2,0.2,0.3,0,0.2,0.1,0.1,0.2,0,0.2,0.1,0.2,0.2,0.7,0.3,0.1,0,0.3,0,0.2,0.1,0.2,0.3,0.2,0.3,0.7,0.6,0.3,0.5,0.3,0.7,0.4,0.2,0.1,0.2,0.1,0.3,0.2,0.5,0.3,0.1,0.2,0,-0.1765,0.7647,0.4118,0.25,0.5294,-0.2,0.3,0.4,0.6,0.4,0.15,0.15,0.15,0.1,0.15,0.45,0.2,0.15,0.1,0.15,0.25,0.5,0.45,0.4,0.55,0.15,0.15,0.25,0.4,0.15,1,1,1,1,1,0,1,1,1,1,-0.2,0.6,0.44,0.36,0.16,0.12,0.12,0.16,0.44,0.08,0.16,0.16,0.24,0.6,0.4,0.48,0.16,0.2,0.32,0.2,0.4,0.72,0.52,0.64,-0.0909,0.5758,0.4118,0.1818,0.0909,0.1471,0.3636,0.1212,0.1471,0.2727,0.5455,0.4706,0.1818,0.2424,0.2353,0.5294,0.5027,0,0.05,0.2,0.1667,0.25,0.4667,0.4,0.4,0.5,0.3939,0.4167,0.4848,0.5882,1,1,1,2.3333,0.6465,0.4063,0,0.18,0.7368,0.6316,0.4211,0.8947,0.5263,0.75,0.4167,0.7917,0.625,6750,-7150,-400,-0.2811,-0.1743,0.1068
52,0.54,1,1,1,1,1,1.2083,0.14,0.09,0.52,0.25,0,0,0,0,0.66,0.38,0.16,1,-0.2,-0.6,-1,0.2,1,1,-0.6,1,0.6,1,1,1,1,1,1,1,1,-0.6,1,1,0.5,0,0,0.4,0.1,0,0,0,0.4,0,0.2,0.7,0,0,0,0,0,0,0,0,0.3,0,0,0,0.3,1,1,1,0.6,1,0,0.3,1,0.6,0.6,0,0,0,0,0,-0.625,0.6471,0.6471,1,1,0.5294,-0.4,0.6,0.9,1,0.6,0.25,0.2,0.05,0,0.2,0.45,0,0,0,0,0.15,0,0.65,1,0.8,0.15,0.8,0.3,0,0,0,1,1,1,1,0,1,1,1,1,-0.12,0.6,1,0.68,0.2,0.2,0,0.16,0.36,0,0,0,0.12,0.12,1,0.84,0.32,0.68,0,0,0.32,0.32,1,1,0.0303,0.8182,0.7647,0.2121,0.0909,0.1176,0.2727,0,0,0.0909,0.5758,0.8824,0.4242,0.3333,0,1.1544,0.7344,-0.4,0.1,0.24,0.3667,0.4,0.8333,1,0.84,0.8,0.7576,0.7333,0.7273,1.1765,1,1,1,11.5,0.1111,0.1714,0.03,0.26,0.2105,0.1053,0.1579,0,0.1053,0.1667,0.2083,0,0.0833,6150,-4875,1275,-0.3044,0.0819,0.3863
53,-0.04,0,0,0,1,0,-0.08,0.24,0.28,0.25,0.23,0,0,0,0,0.49,0.01,-0.05,0,-0.2,-0.2,-0.2,-0.2,0.2,-1,-0.2,-0.2,-0.2,-0.2,-0.2,-0.2,-0.2,0.6,0.2,0.6,0.2,0.2,0.2,0.2,0.5,0.2,0.2,0.3,0.2,0.3,0.1,0.1,0.2,0.3,0.1,0.4,0.5,0.3,0.4,0.3,0.3,0.2,0.2,0.1,0.2,0.2,0.2,0.1,0.1,0.2,0.5,0.4,0.3,0.3,0.2,0.2,0.1,0.3,0.3,0.2,0.1,0.3,0.3,0.3,-0.125,-0.4118,-0.1765,-0.1765,0.5,0.1765,-0.2,-0.3,-0.2,0.3,0.2,0.35,0.25,0.25,0.1,0.25,0.25,0.4,0.35,0.25,0.15,0.2,0.15,0.15,0.45,0.3,0.2,0.2,0.25,0.2,0.3,1,1,1,1,1,0,0,0,1,1,-0.12,-0.36,0.04,0.28,0.32,0.24,0.2,0.2,0.24,0.44,0.28,0.16,0.24,0.08,0.36,0.32,0.2,0.24,0.16,0.32,0.56,0.32,0.56,0.52,-0.2727,-0.1515,0.2941,0.303,0.2121,0.2059,0.3333,0.3636,0.1471,0.1818,0.2121,0.3529,0.1818,0.2121,0.2941,0.3015,0.5668,-0.2,-0.25,-0.24,-0.2333,-0.25,0.1,0.1333,0.16,0.25,0.3333,0.35,0.6061,0.2353,0,0,1,1.381,0.7475,0.4138,0.0505,0.04,0.7895,0.6842,0.8421,0.6842,0.8421,0.7917,0.6667,0.6667,0.8333,7600,-7975,-375,0.2376,0.5918,0.3542
54,0.52,1,1,1,1,1,1.1527,0.1,0.14,0.26,0.5,0,0,0,0,0.36,0.16,0.36,1,-0.2,-0.6,-0.2,0.2,1,1,-0.2,0.6,0.6,0.2,1,1,1,0.2,0.6,0.6,1,0.6,1,1,0.3,0,0,0,0.2,0,0.2,0.2,0.1,0,0.4,0.5,0,0.4,0.1,0,0,0,0,0,0.2,0.2,0.3,0.2,0.2,0.2,0.5,0.4,0.2,0.2,0.1,0.3,0.7,0.4,0.5,0.8,0.3,0.4,0.7,0.8,-0.25,0.5294,0.4118,0.8824,0.625,0.8824,-0.2,0.6,0.7,0.6,0.9,0.15,0,0.1,0.2,0.05,0.45,0.2,0.05,0,0,0.2,0.25,0.2,0.45,0.2,0.2,0.55,0.65,0.35,0.75,1,1,1,1,1,0,1,1,1,1,0.04,0.44,0.76,0.84,0.12,0.08,0.12,0.08,0.36,0.2,0,0,0.24,0.2,0.28,0.32,0.28,0.52,0.6,0.6,0.36,0.28,0.4,0.4,0.1515,0.6364,0.7647,0.0909,0.0909,0.1176,0.3333,0.0909,0,0.2424,0.2727,0.2647,0.3333,0.5455,0.6176,1.1324,0.6132,-0.4,0.2,0.24,0.3667,0.4,0.7333,0.7333,0.8,0.75,0.7576,0.5333,0.6061,1.1765,1,1,1,9,0.5556,0.4583,0,0.13,0.6842,0.7368,0.5789,0.5263,0.3158,0.7083,0.6667,0.4583,0.3333,6200,-5625,575,-0.2186,-0.0805,0.1381
55,0.2,0,1,1,1,1,0.4055,0.15,0.25,0.25,0.35,0,0,0,0,0.4,0.1,0.1,1,-0.2,-0.6,-0.2,0.2,-0.2,0.6,1,-1,-0.2,1,0.2,0.6,0.2,0.2,-0.2,0.6,0.2,0.6,0.2,1,0.3,0.2,0.2,0.2,0.1,0.2,0.2,0,0.1,0,0.4,0.3,0.2,0.3,0.2,0.1,0.2,0.4,0.2,0.2,0.2,0.3,0.2,0.2,0.1,0.3,0.4,0.3,0.3,0.2,0.1,0.2,0.4,0.3,0.6,0.4,0.2,0.3,0.4,0.6,-0.25,0.2941,0.0588,0.4118,0,0.6471,-0.2,0.1,0.4,0.2,0.5,0.25,0.2,0.15,0.1,0.05,0.35,0.25,0.15,0.3,0.2,0.25,0.2,0.2,0.35,0.25,0.15,0.35,0.5,0.25,0.5,1,1,1,1,1,0,1,1,1,1,-0.2,0.28,0.2,0.52,0.24,0.16,0.16,0.04,0.36,0.2,0.24,0.2,0.24,0.16,0.32,0.28,0.16,0.48,0.28,0.48,0.48,0.32,0.48,0.32,0.0303,0.2121,0.3529,0.2121,0.2121,0.0294,0.2727,0.1818,0.2941,0.2424,0.2424,0.2647,0.2727,0.3636,0.4118,0.8971,0.3226,-0.4,-0.05,0.04,0.1,0.15,0.3667,0.2667,0.36,0.35,0.3333,0.4167,0.303,0.8235,1,1,1,2.125,0.7576,0.5,0,0.1,0.8947,0.8947,0.5789,0.8421,0.6316,0.9167,0.7083,0.7917,0.6667,7000,-7375,-375,-0.2256,-0.2099,0.0157
56,-0.2,0,0,-1,1,0,-0.4055,0.27,0.33,0.21,0.19,0,0,0,0,0.48,-0.06,-0.14,0,-0.2,0.2,-0.2,-0.6,-0.6,0.2,-0.2,0.2,-0.2,0.6,-0.2,-1,-0.2,-0.6,-0.2,-0.2,0.6,-1,-0.2,-0.2,0.2,0.3,0.4,0.2,0.2,0.2,0.5,0.3,0.2,0.2,0.3,0.4,0.2,0.3,0.2,0.6,0.2,0.3,0.4,0.4,0.2,0.1,0.1,0.3,0.3,0.1,0.2,0.3,0.3,0.2,0.3,0.2,0.3,0.2,0.3,0.1,0.1,0.1,0.1,0.2,-0.125,-0.2941,0.1765,-0.4118,-0.25,-0.2941,-0.2,-0.1,-0.2,-0.3,-0.2,0.25,0.3,0.2,0.4,0.2,0.35,0.25,0.4,0.25,0.4,0.15,0.2,0.2,0.25,0.25,0.25,0.25,0.2,0.1,0.15,1,1,1,1,1,0,0,0,0,0,-0.28,0.12,-0.44,-0.2,0.28,0.24,0.36,0.2,0.36,0.2,0.36,0.4,0.12,0.28,0.2,0.24,0.24,0.28,0.08,0.16,0.4,0.52,0.56,0.44,-0.2121,-0.1515,-0.2353,0.303,0.2424,0.2647,0.303,0.3333,0.3529,0.1212,0.2424,0.2647,0.2727,0.1818,0.1176,-0.1691,-0.0232,0,-0.15,-0.08,-0.1667,-0.1,-0.2333,-0.4,-0.32,-0.25,-0.2727,-0.0833,-0.0606,-0.2353,0,0,0,0.5152,0.7879,0.5357,0,0.05,0.9474,0.7895,0.7895,0.7895,0.5789,0.9167,0.875,0.6667,0.6667,8000,-9350,-1350,-0.1697,-0.0233,0.1464
57,0.22,1,1,1,1,1,0.4473,0.15,0.24,0.26,0.35,0,0,0,0,0.41,0.11,0.11,1,-0.2,0.2,-0.2,-0.2,-0.2,0.2,-0.6,1,0.2,0.6,1,0.6,0.2,0.2,-0.2,0.6,0.2,1,0.2,-0.2,0.2,0.2,0.1,0.1,0.1,0.1,0.2,0.2,0.1,0.2,0.3,0.4,0.4,0.3,0.2,0,0.2,0.2,0.1,0.3,0.2,0.2,0.1,0,0.2,0.6,0.3,0.3,0.4,0.3,0.3,0.2,0.4,0.6,0.5,0.3,0.3,0.3,0.4,0.2,0,-0.1765,0.4118,0.5294,0.25,0.2941,-0.1,0.1,0.6,0.2,0.3,0.2,0.1,0.1,0.2,0.15,0.35,0.35,0.1,0.2,0.2,0.2,0.05,0.4,0.3,0.35,0.25,0.5,0.4,0.3,0.3,1,1,1,1,1,0,1,1,1,1,-0.12,0.28,0.36,0.36,0.2,0.08,0.16,0.16,0.36,0.28,0.16,0.16,0.2,0.08,0.4,0.36,0.24,0.56,0.28,0.32,0.4,0.16,0.56,0.52,-0.0909,0.5152,0.2353,0.1818,0.0909,0.1765,0.3636,0.1515,0.2059,0.1515,0.303,0.3235,0.303,0.4545,0.2941,0.2941,0.3262,0,0,0.08,0.2,0.1,0.3667,0.4,0.36,0.25,0.2727,0.3667,0.3636,0.3529,1,1,1,2.125,0.8182,0.5714,0,0.08,1,0.6316,0.5263,1,0.9474,1,0.5,0.8333,0.9583,6950,-7425,-475,-0.1942,-0.0385,0.1557
58,-0.18,0,0,-1,1,0,-0.364,0.22,0.37,0.24,0.17,0,0,0,0,0.46,0.02,-0.2,0,-0.2,-0.2,-0.6,-1,0.2,-0.6,-1,0.6,1,1,-1,1,-1,-0.2,-0.2,0.2,-0.2,0.2,-0.6,-1,0.2,0,0.2,0.5,0,0.5,0.1,0.4,0.2,0.1,0.4,0.9,0.4,0.1,0,0,0.7,0.1,0.3,0.8,0.4,0,0.2,0.4,0.4,0.3,0.1,0.3,0.2,0.1,0,0.1,0.2,0,0.6,0.2,0.1,0.2,0.3,0,-0.375,-0.5294,0.6471,-0.4118,0.125,-0.5294,-0.5,-0.2,0.5,-0.3,-0.4,0.1,0.35,0.25,0.25,0.15,0.65,0.25,0,0.4,0.55,0.2,0.3,0.35,0.2,0.15,0.05,0.1,0.4,0.15,0.15,0,1,1,1,0,0,0,1,0,0,-0.36,0.2,-0.28,-0.28,0.16,0.2,0.36,0.16,0.52,0.2,0.28,0.48,0.2,0.36,0.2,0.2,0.12,0.24,0.16,0.16,0.36,0.56,0.56,0.36,-0.4545,0.1515,-0.2353,0.1818,0.2424,0.2353,0.5455,0.1818,0.3824,0.1818,0.3333,0.2059,0.0909,0.2424,0.1765,-0.1544,0.2193,-0.2,-0.35,-0.08,-0.0667,-0.05,-0.0667,-0.2,-0.28,-0.35,-0.2121,0.2833,0.2424,-0.1176,0,0,0,0.5625,0.4343,0.2222,0.07,0.1,0.4211,0.3158,0.2632,0.4737,0.6316,0.4583,0.2083,0.375,0.6667,7950,-8600,-650,0.1582,0.0826,-0.0756
59,0.22,1,1,1,1,1,0.4473,0.18,0.21,0.26,0.35,0,0,0,0,0.44,0.08,0.14,1,0.2,-0.2,-0.2,-0.6,-0.2,-0.2,-0.2,0.2,0.2,0.6,0.6,1,0.2,0.6,-0.2,0.6,0.2,0.2,0.6,1,0.2,0.1,0.3,0.2,0.2,0,0.2,0.2,0.3,0.1,0.3,0.6,0.3,0.3,0.1,0.1,0.1,0.2,0.1,0,0.3,0.2,0.2,0.3,0.3,0.4,0.3,0.2,0.1,0.3,0.2,0.1,0.2,0.2,0.4,0.5,0.4,0.4,0.5,0.6,-0.125,-0.2941,0.2941,0.6471,0.25,0.5294,-0.2,-0.1,0.6,0.3,0.5,0.15,0.25,0.1,0.2,0.2,0.45,0.3,0.1,0.15,0.05,0.25,0.25,0.35,0.25,0.2,0.15,0.2,0.45,0.4,0.55,1,1,1,1,1,0,0,1,1,1,-0.2,0.12,0.44,0.52,0.2,0.2,0.16,0.16,0.4,0.24,0.12,0.08,0.24,0.28,0.32,0.2,0.16,0.28,0.4,0.56,0.44,0.48,0.48,0.36,-0.2121,0.4545,0.4118,0.1818,0.1515,0.2059,0.4242,0.1212,0.0882,0.2424,0.3333,0.2059,0.1515,0.3939,0.5,0.6544,0.6239,0,-0.15,-0.04,0.1,-0.05,0.4667,0.4667,0.48,0.4,0.3939,0.6167,0.6061,0.7059,1,1,1,2.8462,0.8384,0.5517,0.01,0.09,0.8421,0.9474,0.8421,0.8947,0.6316,0.8333,1,0.875,0.625,6950,-7875,-925,-0.2395,-0.0563,0.1832
6,0.36,1,1,1,1,1,0.7538,0.16,0.16,0.35,0.33,0,0,0,0,0.51,0.19,0.17,1,-0.2,-0.6,-0.6,0.6,0.2,0.2,0.6,0.6,0.6,0.2,0.6,0.6,0.2,0.2,0.6,1,0.6,0.2,0.6,1,0.3,0,0.2,0.2,0.2,0.1,0.2,0.1,0.2,0.1,0.4,0.5,0.2,0,0.1,0.1,0.2,0,0.1,0,0.1,0.2,0.2,0.5,0.4,0.4,0.3,0.5,0.4,0.5,0.2,0.3,0.4,0.3,0.3,0.4,0.3,0.4,0.3,0.4,-0.5,0.4118,0.5294,0.4118,0.625,0.6471,-0.2,0.4,0.5,0.5,0.6,0.15,0.2,0.15,0.15,0.15,0.45,0.1,0.1,0.1,0.05,0.15,0.35,0.4,0.4,0.45,0.25,0.35,0.35,0.35,0.35,1,1,1,1,1,0,1,1,1,1,-0.12,0.44,0.44,0.68,0.16,0.2,0.16,0.12,0.4,0.08,0.12,0.04,0.16,0.4,0.36,0.48,0.28,0.32,0.36,0.36,0.32,0.6,0.52,0.6,-0.0303,0.5152,0.5882,0.1818,0.1515,0.1471,0.3333,0.0909,0.0588,0.1818,0.4242,0.4412,0.303,0.3333,0.3529,1.1471,0.6185,-0.4,0.1,0.16,0.2333,0.3,0.5333,0.5333,0.56,0.55,0.6364,0.4333,0.6667,1.0588,1,1,1,3.5455,0.9091,0.4483,0,0.14,0.8421,0.8947,0.9474,0.9474,0.9474,0.875,0.9167,0.9167,0.9167,6600,-6100,500,-0.1096,-0.0172,0.0923
60,0.14,0,1,1,1,1,0.2819,0.2,0.23,0.22,0.35,0,0,0,0,0.42,0.02,0.12,1,-0.2,0.6,0.6,0.2,-0.2,-0.6,0.6,-0.2,-0.2,0.2,0.2,-0.2,0.2,0.2,0.2,0.6,0.6,0.2,0.2,-0.2,0.3,0,0.2,0.2,0.2,0.1,0.2,0.2,0.3,0.3,0.1,0.3,0.5,0.2,0.3,0.4,0.2,0.1,0,0.2,0.3,0.2,0.1,0.1,0.2,0.3,0.1,0.3,0.2,0.4,0.3,0.5,0.2,0.5,0.3,0.2,0.5,0.4,0.5,0.1,0.375,-0.1765,0.0588,0.0588,0.375,0.1765,0.3,-0.1,0,0.3,0.2,0.15,0.2,0.15,0.2,0.3,0.2,0.35,0.35,0.15,0.1,0.25,0.1,0.25,0.2,0.3,0.4,0.35,0.25,0.45,0.3,1,1,1,1,1,1,0,0,1,1,0.2,-0.04,0.12,0.28,0.16,0.2,0.16,0.28,0.24,0.32,0.28,0.08,0.2,0.16,0.2,0.32,0.4,0.32,0.36,0.32,0.36,0.36,0.36,0.6,0.0909,0.0909,0.2353,0.1818,0.1515,0.2647,0.2727,0.303,0.1176,0.2121,0.1818,0.2647,0.3333,0.3636,0.3529,-0.1985,0.1444,0.2,0.1,0.08,0.0667,0.05,0.1667,0.2,0.2,0.25,0.2727,0.0667,0.1818,-0.1176,1,1,1,1.5,0.7677,0.5926,0,0.07,0.8421,0.6316,0.8421,0.7895,0.7368,0.75,0.7917,0.7917,0.75,7150,-7750,-600,-0.1156,0.1842,0.2999
61,-0.24,-1,0,-1,0,0,-0.4895,0.25,0.37,0.19,0.19,0,0,0,0,0.44,-0.06,-0.18,0,-0.2,0.2,-0.2,-0.2,0.2,-0.6,-0.2,-0.2,-0.2,-0.2,-0.6,-1,-0.6,0.2,0.2,-1,-0.2,0.2,-0.2,-0.2,0.2,0.3,0.4,0.2,0.3,0.1,0.3,0.2,0.2,0.3,0.3,0.3,0.2,0.4,0.3,0.8,0.3,0.5,0.3,0.3,0.3,0.2,0.2,0.2,0.2,0,0.2,0.1,0.3,0.2,0.2,0.2,0.2,0.2,0.2,0.1,0.2,0.2,0.2,0.2,0,-0.2941,-0.1765,-0.6471,-0.25,-0.0588,-0.1,-0.2,-0.5,-0.3,-0.1,0.25,0.3,0.2,0.25,0.25,0.3,0.3,0.55,0.4,0.3,0.25,0.2,0.1,0.15,0.25,0.2,0.2,0.15,0.2,0.2,1,1,0,1,1,0,0,0,0,0,-0.04,-0.28,-0.36,-0.28,0.24,0.32,0.2,0.24,0.28,0.32,0.48,0.4,0.24,0.2,0.12,0.2,0.24,0.16,0.2,0.16,0.48,0.52,0.32,0.44,-0.1515,-0.3939,-0.1765,0.303,0.2121,0.2353,0.2727,0.4848,0.3529,0.2121,0.1515,0.2059,0.2121,0.1515,0.2059,-0.0588,-0.025,0,-0.15,-0.16,-0.2667,-0.2,-0.3,-0.4667,-0.32,-0.2,-0.1515,-0.15,0,0,0,0,0,0.5152,0.8586,0.7308,0.0101,0,0.9474,0.8947,0.6842,0.8947,0.8947,0.9583,0.9167,0.7083,0.8333,8100,-8850,-750,-0.0578,-0.3311,-0.2733
62,0.36,1,1,1,1,1,0.7538,0.12,0.2,0.33,0.35,0,0,0,0,0.45,0.21,0.15,1,-0.2,-1,-0.2,0.2,0.6,0.6,0.6,0.6,0.2,0.2,-0.2,0.6,1,0.6,0.6,0.6,0.2,0.6,1,0.6,0.3,0.1,0.1,0.1,0.3,0.2,0,0.1,0,0,0.5,0.4,0.1,0.1,0.1,0.2,0.1,0.1,0.3,0.1,0.1,0.2,0.2,0.4,0.1,0.1,0.5,0.4,0.6,0.7,0.1,0.3,0.6,0.4,0.5,0.5,0.4,0.4,0.1,0.2,-0.5,0.6471,0.2941,0.5294,0.5,0.6471,-0.3,0.6,0.2,0.7,0.6,0.2,0.1,0.25,0.05,0,0.45,0.1,0.15,0.1,0.2,0.15,0.3,0.1,0.45,0.65,0.2,0.5,0.5,0.4,0.15,1,1,1,1,1,0,1,1,1,1,-0.12,0.44,0.52,0.6,0.2,0.16,0.08,0.04,0.36,0.12,0.16,0.16,0.16,0.24,0.36,0.56,0.28,0.48,0.4,0.24,0.36,0.4,0.44,0.6,0.0909,0.3939,0.5882,0.1515,0.1818,0.0294,0.303,0.1212,0.1765,0.2121,0.2424,0.5294,0.3333,0.4545,0.2647,1.1471,0.4973,-0.6,0.15,0.16,0.1667,0.35,0.5,0.5333,0.56,0.65,0.5758,0.35,0.4848,1.0588,1,1,1,3.5455,0.7071,0.4074,0.0101,0.13,0.6842,0.7895,0.7368,0.6316,0.6842,0.6667,0.8333,0.7083,0.7083,6600,-5850,750,-0.1624,-0.0196,0.1428
63,0.44,1,1,1,1,1,0.9445,0.09,0.19,0.51,0.21,0,0,0,0,0.6,0.42,0.02,1,1,0.2,-0.6,-1,0.6,-0.2,-0.6,1,0.2,0.2,-0.6,0.6,1,1,1,1,1,1,1,1,0.1,0.2,0.2,0,0.4,0,0,0,0,0,0.1,0.7,0.2,0.4,0,0.5,0,0,0,0,0.2,0,0.1,0,0.3,0.5,1,1,1,1,0.6,0.1,0.5,0.6,0.3,0,0,0,0,0,0.125,-0.2941,0.4118,0.4118,1,1,-0.1,0.2,0.1,1,1,0.15,0.1,0.2,0,0,0.4,0.3,0.25,0,0,0.1,0.05,0.4,1,1,0.35,0.55,0.15,0,0,1,1,1,1,1,0,1,1,1,1,0.04,0.12,0.6,1,0.12,0.24,0,0,0.36,0.2,0.2,0,0.12,0.12,0.8,1,0.4,0.44,0,0,0.24,0.36,0.8,1,-0.0909,0.3939,1,0.1515,0.1212,0,0.3939,0.1818,0,0.0909,0.4242,1,0.3636,0.2727,0,0.875,1.0909,0.6,0.05,0.08,0.0667,-0.05,0.7,0.6667,0.8,1,1,0.65,1.0909,0.9412,1,1,1,9,0.2424,0.2121,0.01,0.24,0.6316,0.3158,0.3158,0,0,0.5833,0.2083,0.1667,0,6400,-5150,1250,-0.2692,NA,NA
64,-0.22,-1,0,-1,0,0,-0.4473,0.22,0.39,0.12,0.27,0,0,0,0,0.34,-0.1,-0.12,0,0.2,-0.2,0.2,-0.2,-0.2,-0.2,-0.2,-1,-0.2,-0.6,-0.2,0.2,-0.2,-0.2,0.2,-0.6,-0.2,-0.2,-0.2,-0.6,0.2,0.1,0.5,0.2,0.5,0,0.2,0.1,0,0.4,0.3,0.4,0.1,0.6,0.2,0.5,0.4,0.5,0.6,0.3,0.2,0.1,0.2,0,0.1,0.1,0.2,0.1,0,0.2,0.3,0.4,0.2,0.2,0.2,0.4,0.2,0.3,0.4,0.1,0,-0.1765,-0.5294,-0.0588,-0.25,-0.2941,0,-0.4,-0.2,-0.2,-0.3,0.15,0.35,0.25,0.15,0.2,0.35,0.35,0.35,0.45,0.45,0.15,0.1,0.1,0.15,0.1,0.35,0.2,0.3,0.25,0.25,1,0,1,1,1,0,0,0,0,0,-0.04,-0.44,-0.04,-0.36,0.2,0.4,0.12,0.16,0.32,0.32,0.4,0.52,0.16,0.08,0.16,0.08,0.32,0.2,0.32,0.24,0.36,0.48,0.28,0.24,-0.0909,-0.2727,-0.2941,0.2727,0.2424,0.1471,0.2727,0.3939,0.5,0.1515,0.0909,0.1176,0.303,0.2727,0.2353,-0.2941,-0.2032,0,-0.2,-0.24,-0.2,-0.3,-0.2333,-0.1333,-0.2,-0.25,-0.2727,-0.0333,-0.1818,-0.3529,0,0,0,0.6667,0.8182,0.6087,0.0202,0.02,0.8947,0.8421,0.6842,0.7368,0.8947,0.9167,0.75,0.75,0.8333,8050,-8575,-525,-0.1112,0.1603,0.2715
7,-0.18,0,0,-1,1,0,-0.364,0.15,0.44,0.12,0.29,0,0,0,0,0.27,-0.03,-0.15,0,1,-0.2,-0.2,-1,0.2,0.6,-0.6,-0.2,-0.2,-1,0.2,0.2,-0.6,-0.2,-0.2,0.6,-0.2,-0.6,-0.6,-0.6,0.2,0.1,0.2,0.2,0.2,0.1,0,0.2,0.2,0.1,0.1,0.7,0.1,0.5,0.6,0.3,0.7,0.2,0.5,0.7,0.3,0.1,0.2,0.1,0.1,0.1,0.1,0.1,0,0.1,0.4,0.1,0.5,0.2,0.1,0.5,0.2,0.5,0.3,0.1,0.125,-0.0588,-0.5294,-0.0588,0.125,-0.6471,-0.1,0,-0.2,-0.1,-0.5,0.15,0.2,0.15,0.1,0.15,0.4,0.3,0.45,0.45,0.6,0.2,0.15,0.1,0.1,0.05,0.25,0.35,0.3,0.35,0.2,1,1,1,1,0,0,0,0,0,0,-0.04,-0.28,-0.12,-0.28,0.16,0.2,0.08,0.16,0.36,0.44,0.48,0.48,0.2,0.12,0.08,0.08,0.28,0.24,0.36,0.28,0.36,0.32,0.16,0.24,0.0303,-0.3333,-0.2353,0.1515,0.1515,0.1471,0.3333,0.5152,0.4706,0.1818,0.0909,0.0882,0.3333,0.2424,0.2941,-0.7721,-0.2656,0.4,-0.05,-0.16,-0.1,-0.3,-0.2667,0,-0.2,-0.3,-0.2727,-0.2167,-0.303,-0.7059,0,0,0,0.6667,0.6667,0.5714,0,0.05,0.7368,0.7895,0.6316,0.7368,0.5263,0.7917,0.6667,0.625,0.5417,7950,-8075,-125,0.085,-0.347,-0.432
8,0.3,1,1,1,1,1,0.619,0.17,0.18,0.39,0.26,0,0,0,0,0.56,0.22,0.08,1,0.2,-0.2,-0.2,-0.6,-0.2,0.2,0.2,0.2,-0.2,-0.6,1,-0.2,1,1,0.6,0.2,1,0.6,1,1,0.3,0.2,0.2,0.1,0.2,0.3,0,0.3,0.1,0,0.2,0.5,0.3,0.3,0.5,0,0,0,0,0,0.3,0,0.4,0.4,0.1,0.4,0.1,0.5,0.7,1,0.2,0.3,0.1,0.2,0.2,0.3,0.9,0.2,0.2,0,-0.125,-0.0588,-0.1765,0.6471,0.625,0.8824,-0.2,0.1,0,0.7,0.9,0.25,0.15,0.25,0.15,0.05,0.35,0.3,0.25,0,0,0.15,0.4,0.25,0.3,0.85,0.25,0.15,0.25,0.55,0.1,1,1,1,1,1,0,1,0,1,1,-0.2,-0.04,0.68,0.76,0.24,0.16,0.16,0.12,0.36,0.36,0,0,0.2,0.28,0.32,0.76,0.2,0.2,0.52,0.12,0.44,0.44,0.48,0.88,-0.0909,0.2121,0.7647,0.2424,0.1515,0.1176,0.303,0.2424,0,0.2424,0.2727,0.6471,0.2121,0.3333,0.2353,1.0074,0.8556,0,-0.05,-0.12,-0.0333,-0.15,0.5333,0.6,0.72,0.8,0.7576,0.5833,0.8485,1.0588,1,0,1,6.1429,0.5253,0.1935,0.04,0.17,0.8421,0.6316,0.5789,0.2632,0.2632,0.8333,0.5833,0.4167,0.2917,6750,-6275,475,0.1512,0.3116,0.1604
9,0.06,0,1,0,1,1,0.1201,0.23,0.24,0.33,0.2,0,0,0,0,0.56,0.1,-0.04,1,-0.2,0.2,-0.6,-0.2,0.2,-0.2,0.2,-0.2,0.6,-0.2,0.2,0.2,0.6,0.2,-0.6,0.6,-0.2,0.6,-0.2,0.2,0.3,0.4,0.1,0.2,0.2,0.3,0.1,0.2,0.3,0.2,0.2,0.3,0.4,0.3,0.2,0.1,0.2,0.3,0.1,0.3,0.4,0.2,0.3,0.1,0.4,0.4,0.4,0.4,0.4,0.3,0.1,0.1,0.2,0.4,0.2,0.2,0.3,0.1,0.2,0.2,-0.125,-0.0588,0.0588,0.2941,0,0.1765,-0.2,0,0.2,0.2,0.1,0.35,0.15,0.25,0.15,0.25,0.25,0.35,0.15,0.25,0.2,0.3,0.2,0.4,0.4,0.35,0.1,0.3,0.2,0.2,0.2,1,1,1,1,1,0,0,1,1,1,-0.12,0.04,0.12,0.2,0.28,0.2,0.24,0.2,0.28,0.28,0.2,0.2,0.32,0.24,0.36,0.4,0.12,0.28,0.2,0.2,0.6,0.44,0.6,0.6,-0.0909,0.2121,0.0588,0.2727,0.1818,0.2353,0.2727,0.2121,0.2353,0.303,0.3333,0.3529,0.1515,0.2727,0.1765,0.3015,0.1497,0,-0.1,-0.04,0,-0.05,0.1667,0.2,0.16,0.15,0.0909,0.2667,0.1818,0.3529,1,0,1,1.381,0.9293,0.5484,0,0.07,0.8947,0.9474,0.8947,0.9474,0.9474,0.9167,0.9583,0.9583,0.9167,7350,-7800,-450,0.2001,-0.0745,-0.2746
