"totCD","id","hr_decel_Z"
48,1,0.421715465990907
50,2,-0.0229823690269695
66,3,-0.113688288591476
70,4,0.278890250971903
42,5,0.5259705663799
68,6,0.307876984169971
41,7,1.04347226462887
65,8,0.858941270603212
53,9,0.0496961049098703
45,10,0.49964423081135
61,12,1.13126472769356
61,13,-0.153417011366386
54,14,0.605261160558278
59,16,0.672771052579808
62,18,-0.107213838022373
36,19,0.345798021120688
44,20,0.235571552860664
58,21,0.661605822712832
33,22,0.619309961358193
39,23,0.360087639124124
36,24,0.712925498812617
45,25,0.483559211986017
40,26,0.21034638748374
54,27,0.243325154253504
51,28,0.251200331506259
57,29,0.121731190618451
45,30,0.0889518594316439
51,31,0.253600765828372
54,32,0.316277252218166
45,33,0.338615858953705
38,34,0.529640794164708
60,35,0.119133824183261
57,36,0.869624461751774
73,37,0.226303622172734
63,38,0.395373814453744
46,39,0.289714587163685
37,40,0.406581684561161
40,41,0.258535438781401
77,42,1.08663461291594
38,43,0.328172843892249
43,44,0.743917988648165
55,45,0.450843279122253
41,46,0.70831764289338
42,47,0.241759562211271
60,48,0.34566978379248
60,49,0.52777197326978
56,50,-0.219181051920331
65,51,0.131150356605858
77,52,0.358853302983598
48,53,0.175752970731722
76,54,0.128326200262806
60,55,-0.0872619415354307
40,56,0.7249400986469
61,57,0.275222685230541
41,58,0.258019721849348
61,59,0.549149566378392
57,60,0.499980855073334
38,61,0.174998945395145
68,62,0.346563520190945
72,63,0.852324551864977
39,64,0.517346581250684
