"totCD","id","log_fSCR_Z"
48,1,0.238304938235916
50,2,0.0852341123715705
66,3,0.234902698567538
70,4,0.438742112267332
42,5,0.2953024318992
68,6,0.578809095158553
41,7,0.0913310694892269
65,8,0.0556519324984679
53,9,0.201582969386018
45,10,-0.0849273387482265
50,11,-0.112987750758107
61,12,0.0440841997860528
61,13,0.510597635363219
54,14,0.495439984636753
51,15,-0.0444896184100616
59,16,-0.136491540523181
48,17,-0.259386017972683
62,18,0.19484933648998
36,19,-0.101856799080004
44,20,0.444157211008541
58,21,0.822764838496649
33,22,-0.0154856991446099
39,23,0.0408154124827569
36,24,-0.00662185260711107
45,25,0.0471974863959914
40,26,0.403039847249322
54,27,0.178204510506016
51,28,-0.114577983210071
57,29,0.0531201624433731
45,30,-0.265061150715191
51,31,-0.303743386637136
54,32,0.612263481503381
45,33,0.333861934010007
38,34,-0.274500607926801
60,35,0.433897962549526
57,36,0.0725209018723347
73,37,-0.23735370563451
63,38,0.067817151663868
46,39,0.546586511021183
37,40,0.0798082087504188
40,41,0.165888145734997
77,42,0.365616173814416
38,43,-0.473678765694923
43,44,-0.328537520684803
55,45,-0.0646049463723093
41,46,0.595180379939718
42,47,0.259773745580529
60,48,0.495147024812466
60,49,0.296518561687745
56,50,0.416636850014741
65,51,0.0689795354500512
77,52,0.056235099254948
48,53,0.180133935600969
76,54,0.823172146285303
60,55,0.685246214835625
40,56,0.0345349562395037
61,57,0.222816577479221
41,58,0.0130871179739029
61,59,0.45577319198415
57,60,0.376059635661775
38,61,0.0542027623323999
68,62,0.176248332392611
72,63,0.708838901280917
39,64,0.112186113489962
