metric,r_deck,p_deck,r_outcome,p_outcome,significance
C_plus_D_minus_A_plus_B,0.422130939632811,5.119920581176281e-4,0.3771192034180191,0.0021279241211162423,Both
C_plus_D_minus_A_plus_B_binomial_significance,0.3823263642358333,0.0018227010140898778,0.36147313956814636,0.003338469693135615,Both
C_plus_D_minus_A_plus_B_zero_cutoff,0.32660826519466313,0.008437797202494787,0.32924930451187356,0.007893403773487842,Both
C_plus_D_minus_A_plus_B_absolute_10_cutoff,0.3580014136463852,0.0036784403363448385,0.35833999467156086,0.0036439842990705434,Both
C_plus_D_minus_A_plus_B_t_score_39_cutoff,0.21228932051285107,0.09216287328254684,0.3380040340477524,0.0063020374894563825,Outcome Contrast Only
C_plus_D_minus_A_plus_B_t_score_50_cutoff,0.4265134076520127,4.408651284827091e-4,0.4350035313441363,3.280522959283572e-4,Both
C_plus_D_log_transform,0.42050533909429216,5.409237506582082e-4,0.3745695103848638,0.002293428365462306,Both
A,-0.3116435753584541,0.012183655838163054,-0.24667935804142735,0.049411670189633,Both
B,-0.314187482973815,0.011460328434402924,-0.29588653443538643,0.01760323539827262,Both
C,0.22149507158427215,0.0785849429890621,0.0851803354052138,0.5033488529587244,Neither
D,0.3876869146391274,0.0015500572046398555,0.5053926344511627,2.0493609413408305e-5,Both
A_plus_C,0.05936095092183508,0.6412590223686179,-0.03978036239180527,0.7549689712769576,Neither
C_minus_A,0.31702976589541637,0.010696418673511912,0.17599811935231965,0.16418891596558866,Deck Contrast Only
D_minus_B,0.4103783050919317,7.571715962829157e-4,0.453230718796652,1.693426851184049e-4,Both
modal_deck_choice_dichotomised,0.3803415655803772,0.0019340777721257839,0.40360813809172136,9.425934342105547e-4,Both
C_plus_D_minus_A_plus_B_block5_1,-0.10104207363977849,0.42693866826881366,0.10782448843870002,0.3963983278153116,Neither
C_plus_D_minus_A_plus_B_block5_2,-0.18143037735349368,0.1513514275120317,0.046953262823850136,0.7125555208795233,Neither
C_plus_D_minus_A_plus_B_block5_3,0.01917861778900745,0.8804342334089914,-0.12174374998520228,0.33789885404005515,Neither
C_plus_D_minus_A_plus_B_block5_4,-0.05723169606699647,0.6532887301822183,0.09484241999513303,0.45598885667021694,Neither
C_plus_D_minus_A_plus_B_block5_5,0.23800740201013898,0.05824554251032303,0.13138227496798993,0.300745189135082,Neither
C_plus_D_minus_A_plus_B_block5_6,0.012015645277482232,0.924923293506942,0.20262932121634059,0.10831963222201076,Neither
C_plus_D_minus_A_plus_B_block5_7,0.1895592043692601,0.13355645186508988,0.2600601028522512,0.03795582562297399,Outcome Contrast Only
C_plus_D_minus_A_plus_B_block5_8,0.1503236927872337,0.23576496410598974,0.10923821064500724,0.3901986396848698,Neither
C_plus_D_minus_A_plus_B_block5_9,0.16443084167145533,0.19415739933459872,0.10889391015383294,0.3917032012310572,Neither
C_plus_D_minus_A_plus_B_block5_10,0.3566888082730614,0.003814766118943931,0.2040014542343414,0.10589993407783158,Deck Contrast Only
C_plus_D_minus_A_plus_B_block5_11,0.24388413025893807,0.052130617449478764,0.3344017776357707,0.006919049605917298,Outcome Contrast Only
C_plus_D_minus_A_plus_B_block5_12,0.2552022109451416,0.04182937490820642,0.24544347738929015,0.050599156711984804,Deck Contrast Only
C_plus_D_minus_A_plus_B_block5_13,0.4006759179366338,0.0010349346899407054,0.25274814598116263,0.043906957685521,Both
C_plus_D_minus_A_plus_B_block5_14,0.3064298089062928,0.01379025562999642,-0.008378828993203427,0.9476082017237493,Deck Contrast Only
C_plus_D_minus_A_plus_B_block5_15,0.14345741310504082,0.25809670997588297,0.0333314697692083,0.7937309291820063,Neither
C_plus_D_minus_A_plus_B_block5_16,0.25464063842795337,0.042297487184293936,0.39639799480737037,0.0011843309212921605,Both
C_plus_D_minus_A_plus_B_block5_17,0.2762292821590312,0.027142465865414328,0.27391741806308767,0.028507827378475906,Both
C_plus_D_minus_A_plus_B_block5_18,0.45750361193626443,1.4423810436590587e-4,0.3200777477158247,0.00992668101788672,Both
C_plus_D_minus_A_plus_B_block5_19,0.3386581154491048,0.006195341271016977,0.0968578548769275,0.4464279490978017,Deck Contrast Only
C_plus_D_minus_A_plus_B_block5_20,0.30451075883007866,0.014425919747276618,0.25989776716971447,0.03808028278250151,Both
A_block10_1,-0.0767249492380669,0.5467805450029295,-0.04391689572897201,0.7304124352642121,Neither
A_block10_2,0.021158905758393264,0.8681934827661428,-0.2619870126244615,0.036504135226764524,Outcome Contrast Only
A_block10_3,-0.14848934119772025,0.24159592020201567,-0.10498705292428899,0.4090151929042858,Neither
A_block10_4,-0.35397359742040324,0.004111057206396912,-0.2281232746082176,0.06983113342915363,Deck Contrast Only
A_block10_5,-0.061458676071349014,0.6294966231593868,-0.0371604055944091,0.7706500353719272,Neither
A_block10_6,-0.020033452646914817,0.8751466523373387,-0.11782779037959953,0.3537814049192973,Neither
A_block10_7,-0.2909755541890081,0.019666789472474282,-0.0223958621859971,0.8605629101148299,Deck Contrast Only
A_block10_8,-0.03435914535287291,0.7875178539293055,-0.205288664042585,0.10366821447505724,Neither
A_block10_9,-0.25908264888433313,0.038710334106661776,-0.05234738023230365,0.6812139818829409,Deck Contrast Only
A_block10_10,-0.25551406659708426,0.04157127286144455,-0.12913545080389507,0.3091589832292034,Deck Contrast Only
B_block10_1,0.20812215397952571,0.09888418868047233,-0.06567256999582581,0.606145768030772,Neither
B_block10_2,0.019027097737638814,0.8813720103290545,0.12717167934088142,0.3166358921431051,Neither
B_block10_3,-0.07006189778534598,0.5822336251413947,-0.18106358680464196,0.15219400887909854,Neither
B_block10_4,-0.07174301311424286,0.5731905336947951,-0.16247946705985397,0.19957608837389437,Neither
B_block10_5,-0.34010780960050174,0.00596449956148742,-0.20156021533085536,0.11023436427643198,Deck Contrast Only
B_block10_6,-0.29247346967373317,0.01901658912762831,-0.28828560251344054,0.020882005986553688,Both
B_block10_7,-0.3321960478255386,0.007322448670504977,-0.16090955676495933,0.20401307963206416,Deck Contrast Only
B_block10_8,-0.22768886758873313,0.07037984058630872,-0.16930017374301504,0.18109721781014002,Neither
B_block10_9,-0.3347337363605474,0.006860056156597028,-0.35864507609062934,0.0036131828926599828,Both
B_block10_10,-0.28533944863014626,0.02228563694309301,-0.1766858690797796,0.16252078004425624,Deck Contrast Only
C_block10_1,-0.26510260727908336,0.03425470406026487,-0.02372002065594892,0.8524084718998592,Deck Contrast Only
C_block10_2,-0.01109897599219638,0.9306361875963512,0.004472981455216159,0.9720169526712228,Neither
C_block10_3,0.07948963235446739,0.5323827601640768,-0.05379175216647845,0.6729094332467365,Neither
C_block10_4,0.03720506149053985,0.7703819716463545,-0.03630316213899977,0.7758011065561379,Neither
C_block10_5,0.14799407188352315,0.24318709153240528,0.05140294529104285,0.686664624968479,Neither
C_block10_6,0.06362600070328013,0.617439546704944,0.10800908936384808,0.39558550863284925,Neither
C_block10_7,0.23212370631486404,0.06493755869981811,0.11277206133990077,0.374954997249083,Neither
C_block10_8,0.2431725815218457,0.052841898741617495,0.1277111445699677,0.31457048514587865,Neither
C_block10_9,0.3003687090691294,0.015884332533589025,0.13790133961301973,0.277183080773513,Deck Contrast Only
C_block10_10,0.17321271000449298,0.17107368543254456,-0.04439471782538635,0.7275926032998191,Neither
D_block10_1,-0.024631477696760183,0.8468044092868672,0.14911448094958782,0.23959773506446289,Neither
D_block10_2,-0.04637950852655643,0.715918358741825,0.014781852844881692,0.9077076957733479,Neither
D_block10_3,0.11236406321747848,0.376696371866429,0.2706869611015853,0.030511993155622263,Outcome Contrast Only
D_block10_4,0.23527773681250752,0.06127719197131711,0.31391729918165767,0.011535344344025747,Outcome Contrast Only
D_block10_5,0.29916201897819583,0.016332298688351357,0.2125669904201562,0.09172806319333639,Deck Contrast Only
D_block10_6,0.32564763903655447,0.008643780480814134,0.3350541450964238,0.006803533844205157,Both
D_block10_7,0.25436088865405876,0.042532287567806505,0.05173828570103732,0.6847274276097118,Deck Contrast Only
D_block10_8,-0.02273279720160318,0.8584865842456607,0.18850949230794528,0.13576121646532852,Neither
D_block10_9,0.18373189336843343,0.14614340516919927,0.2577168736192273,0.03978537632142794,Outcome Contrast Only
D_block10_10,0.24940420459224694,0.04687399538100682,0.3126931314387799,0.011880581753907953,Both
C_plus_D_minus_A_plus_B_block16_1,-0.14883083289368368,0.24050296906882646,0.05650499227788594,0.6574148146056664,Neither
C_plus_D_minus_A_plus_B_block16_2,0.08489524288609301,0.5047837184967047,0.23200858680983363,0.0650744162883753,Neither
C_plus_D_minus_A_plus_B_block16_3,0.39374404106063543,0.0012865160123102352,0.2555743903965045,0.041521499037045884,Both
C_plus_D_minus_A_plus_B_block16_4,0.38786179655409164,0.0015418150395914106,0.3078098687374253,0.013348176306297558,Both
C_plus_D_minus_A_plus_B_block16_5,0.33458322116849293,0.006886749846117263,0.2473955734912482,0.04873400342812452,Both
C_plus_D_minus_A_plus_B_block16_6,0.46954349589233024,9.072095889280842e-5,0.328296125907352,0.008086233887618432,Both
C_plus_D_minus_A_plus_B_block20_1,-0.18707035382930692,0.1388283330740306,0.09359788360077284,0.46194839298983115,Neither
C_plus_D_minus_A_plus_B_block20_2,0.23567653269934613,0.060826487740910117,0.28992284874052837,0.020134987483120592,Outcome Contrast Only
C_plus_D_minus_A_plus_B_block20_3,0.3971072442073112,0.0011582910805011438,0.34750936441073843,0.004899858575269876,Both
C_plus_D_minus_A_plus_B_block20_4,0.38273907003016044,0.0018002772583571838,0.23495416322581092,0.061644861968602124,Deck Contrast Only
C_plus_D_minus_A_plus_B_block20_5,0.46880341313265605,9.339056982355466e-5,0.3250809894793457,0.00876732944966008,Both
A_block20_1,-0.04318095202365871,0.7347625038696828,-0.23118928540938224,0.06605514328524931,Neither
A_block20_2,-0.3237225093626857,0.009069811062080544,-0.21514968198642737,0.08776039443163283,Deck Contrast Only
A_block20_3,-0.057495747949636127,0.6517920442736024,-0.11183324892531038,0.3789692083866141,Neither
A_block20_4,-0.20267693179666876,0.10823496434270188,-0.13945770794981785,0.2717444943189325,Neither
A_block20_5,-0.3108380798812879,0.01242076467272215,-0.11126514428899038,0.3814108124476536,Deck Contrast Only
B_block20_1,0.1884309464668501,0.13592728637856544,0.04930454238010217,0.6988318918576928,Neither
B_block20_2,-0.092038552836832,0.4694748245383864,-0.22263349513726396,0.07702242681867896,Neither
B_block20_3,-0.37095016126073677,0.0025481149427338027,-0.296872180320263,0.017212186212378182,Both
B_block20_4,-0.3268819253665388,0.00837990668481813,-0.1935678603455402,0.12538501449629236,Deck Contrast Only
B_block20_5,-0.37434247855133074,0.002308708715195403,-0.32297278822655645,0.009240605940293096,Both
C_block20_1,-0.20691817230364512,0.10089552963515759,-0.014853799705110518,0.9072604609558674,Neither
C_block20_2,0.06396191740518482,0.615579666101147,-0.0506586267315943,0.6909715761869725,Neither
C_block20_3,0.11718542436273738,0.3564299912206026,0.09768676255262895,0.44252829452482867,Neither
C_block20_4,0.253899415693714,0.04292196172653021,0.12840917065316973,0.31191086309325267,Deck Contrast Only
C_block20_5,0.25225965226010216,0.04433048862454382,0.04516703376799942,0.723042451158542,Deck Contrast Only
D_block20_1,-0.05473627777936623,0.6674996900996655,0.14719938537802174,0.24575519855302247,Neither
D_block20_2,0.21914941365869867,0.0818837122052347,0.3678482481816681,0.0027861553861382735,Outcome Contrast Only
D_block20_3,0.41154531609400297,7.287766999713726e-4,0.36571128237659023,0.002961474002478132,Both
D_block20_4,0.16933986515020824,0.18099344223047825,0.15256859634921985,0.22876209936965988,Neither
D_block20_5,0.2450513741811214,0.05098074350811669,0.32238195086721705,0.009377171268381819,Outcome Contrast Only
C_plus_D_minus_A_plus_B_t_score_39_cutoff_block20_1,0.11911222738530358,0.34852195464122115,0.22252017460700807,0.07717684648859136,Neither
C_plus_D_minus_A_plus_B_t_score_39_cutoff_block20_2,0.11483023553364624,0.36624473688841264,0.04416425979322136,0.7289521878830785,Neither
C_plus_D_minus_A_plus_B_t_score_39_cutoff_block20_3,0.246854520393253,0.04924522731916561,0.2167119069291769,0.08542676922725065,Deck Contrast Only
C_plus_D_minus_A_plus_B_t_score_39_cutoff_block20_4,0.1195136017159931,0.3468884189258761,0.1434369402376643,0.25816536482079544,Neither
C_plus_D_minus_A_plus_B_t_score_39_cutoff_block20_5,0.14318921048407446,0.25899709458167525,0.048261640326998013,0.7049074258467967,Neither
C_plus_D_minus_A_plus_B_t_score_50_cutoff_block20_1,-0.20252815083344267,0.10849971749046086,0.11015911150805201,0.3861912640123387,Neither
C_plus_D_minus_A_plus_B_t_score_50_cutoff_block20_2,0.17076152806906145,0.1773047671527485,0.30522097992271285,0.014187788781093344,Outcome Contrast Only
C_plus_D_minus_A_plus_B_t_score_50_cutoff_block20_3,0.38106719541414025,0.0018926714025807657,0.2961961620249486,0.01747958224051891,Both
C_plus_D_minus_A_plus_B_t_score_50_cutoff_block20_4,0.2664379205422732,0.033326633918789386,0.23252978908672567,0.06445664371036113,Deck Contrast Only
C_plus_D_minus_A_plus_B_t_score_50_cutoff_block20_5,0.3829962512449012,0.0017864290827746478,0.34140004116673284,0.005765139753019418,Both
C_plus_D_minus_A_plus_B_block25_1,-0.062133506790395386,0.6257319258875349,0.1389699323251111,0.27344125598383445,Neither
C_plus_D_minus_A_plus_B_block25_2,0.3111533516399682,0.01232748944219726,0.31621000450075265,0.010912073464143274,Both
C_plus_D_minus_A_plus_B_block25_3,0.3958801331765544,0.0012036759933932066,0.25467364348971727,0.042269855963093926,Both
C_plus_D_minus_A_plus_B_block25_4,0.4588962763596594,1.3682579780467088e-4,0.3747221783080592,0.0022832039437718616,Both
A_block25_1,-0.09498468757957747,0.4553102977907002,-0.23849028704107533,0.05772210987412146,Neither
A_block25_2,-0.26808829945903717,0.032208677241563295,-0.19235547264320152,0.12781524770544705,Deck Contrast Only
A_block25_3,-0.13843491607341843,0.27531045659880976,-0.09247537539298775,0.4673597669835602,Neither
A_block25_4,-0.30762323107148937,0.013407238746063215,-0.17107323701842,0.17650335478696919,Deck Contrast Only
B_block25_1,0.11179056650188501,0.37915232252976516,0.002142167431319438,0.9865964981700828,Neither
B_block25_2,-0.20920470600546134,0.09710248982053449,-0.2591558063287381,0.038653435879103006,Outcome Contrast Only
B_block25_3,-0.3600979320326514,0.00346964724076174,-0.23007300077678206,0.06741045155681306,Deck Contrast Only
B_block25_4,-0.35897214631193775,0.003580418210664766,-0.33744413572471993,0.0063946482985780375,Both
C_block25_1,-0.1316471353445735,0.2997632559384142,-0.01653021272171354,0.8968479803011946,Neither
C_block25_2,0.09392881536994752,0.460359579704234,-0.010042351800984815,0.9372256233859444,Neither
C_block25_3,0.1757848713406261,0.16470869551571857,0.09059755268553768,0.4764884866580955,Neither
C_block25_4,0.27828908310198375,0.025972757369476344,0.09823330428849032,0.4399674846150602,Deck Contrast Only
D_block25_1,0.041103690003496514,0.7470853892191658,0.20247172923634277,0.10860024937148845,Neither
D_block25_2,0.31309384000636964,0.011766603702005924,0.4172001717950651,6.043759486795258e-4,Both
D_block25_3,0.3115918660762242,0.012198758797313027,0.23332928037304101,0.06351820532780743,Deck Contrast Only
D_block25_4,0.21427212532164472,0.08909310690147054,0.3400977944746747,0.0059660680205638646,Outcome Contrast Only
A_plus_C_block25_1,-0.16123230789148843,0.2030952280290803,-0.16547388177648759,0.19130461392386383,Neither
A_plus_C_block25_2,-0.08010289834965191,0.5292145951182254,-0.1275108325730609,0.3153363926659304,Neither
A_plus_C_block25_3,0.11976202857817392,0.34587974343644456,0.05255599472063341,0.6800121736875891,Neither
A_plus_C_block25_4,0.13532659438785466,0.2863381162090685,0.018579572015053444,0.884142746819988,Neither
C_plus_D_minus_A_plus_B_block33_1,-0.029988534805053174,0.814028085999696,0.22982450101709806,0.06771517810314534,Neither
C_plus_D_minus_A_plus_B_block33_2,0.4487171377415059,2.001650974461632e-4,0.341019139848394,0.005823285239444836,Both
C_plus_D_minus_A_plus_B_block33_3,0.437112175371771,3.044660967956406e-4,0.3008614119109452,0.015704477382391353,Both
A_block33_1,-0.14928553066682743,0.23905298147677875,-0.30510273108257774,0.014227200239257998,Outcome Contrast Only
A_block33_2,-0.24527944558887993,0.05075850411992716,-0.1162273073518605,0.360403058466359,Neither
A_block33_3,-0.27479895089360157,0.027980547627108013,-0.1393228684825353,0.27221283782960737,Deck Contrast Only
B_block33_1,0.11790208343310887,0.35347586667995123,-0.044032520178710094,0.7297297583210942,Neither
B_block33_2,-0.3778955738625769,0.0020796955360446482,-0.31751624911167464,0.01057019517474047,Both
B_block33_3,-0.3540061730719459,0.0041073850594352136,-0.26939270149590017,0.03134741978550614,Both
C_block33_1,-0.08697453425421889,0.4943671414774279,-0.0033274334250332866,0.9791816604664345,Neither
C_block33_2,0.17417214111670645,0.1686788234459363,0.09403315621946737,0.4598592552484473,Neither
C_block33_3,0.2593589778855201,0.03849578263557836,0.07146433624455355,0.5746850954645333,Deck Contrast Only
D_block33_1,0.04055148276653975,0.7503720191887447,0.31878191056103966,0.010247842035883633,Outcome Contrast Only
D_block33_2,0.4483007358818262,2.032531906988505e-4,0.38576213142993376,0.001643422175652709,Both
D_block33_3,0.24085030742977742,0.055218530404776825,0.3261008204271242,0.008546066635434233,Outcome Contrast Only
C_plus_D_minus_A_plus_B_block16_6minus1,0.42610089059813394,4.471544571947101e-4,0.21739873816174524,0.08441640556941633,Deck Contrast Only
C_plus_D_minus_A_plus_B_block33_3minus1,0.4198492981232145,5.530145612167519e-4,0.15929500829900642,0.20864880689629456,Deck Contrast Only
C_plus_D_minus_A_plus_B_1_to_10,-0.1775732846432026,0.16038682950853672,0.09403778250857651,0.4598370786218675,Neither
C_plus_D_minus_A_plus_B_1_to_40,0.07911041969935283,0.5343464688889346,0.27568179915988683,0.027460724402850932,Outcome Contrast Only
C_plus_D_minus_A_plus_B_1_to_50,0.20851780628613154,0.09823008284141899,0.3209688103335607,0.009710947434915938,Outcome Contrast Only
C_plus_D_minus_A_plus_B_1_to_60,0.2782721469586007,0.025982198772070027,0.3830854588791381,0.0017816479658100488,Both
C_plus_D_minus_A_plus_B_11_to_50,0.2841858155531838,0.02285665751287106,0.28112780874226095,0.02443060882476668,Both
C_plus_D_minus_A_plus_B_41_to_100,0.4766265364269833,6.850024944533124e-5,0.34325483318657773,0.005489238230435185,Both
C_plus_D_minus_A_plus_B_51_to_80,0.3951546498951507,0.001231255768353914,0.30965916851696496,0.012774976636987444,Both
C_plus_D_minus_A_plus_B_51_to_100,0.4588088062388058,1.3728084376125343e-4,0.33967400795540476,0.006032769913451801,Both
C_plus_D_minus_A_plus_B_61_to_100,0.45621076472975175,1.5144744105925913e-4,0.3009554377412145,0.015670353702268724,Both
C_plus_D_minus_A_plus_B_68_to_100,0.44205882491687465,2.550890446424897e-4,0.31557033962647135,0.011082958551122124,Both
C_plus_D_minus_A_plus_B_last_60_minus_first_40,0.44431593277047765,2.3509127382358486e-4,0.18314149324457182,0.14746646160722363,Deck Contrast Only
C_plus_D_minus_A_plus_B_last_33_minus_first_33,0.4260853555164637,4.473928964581468e-4,0.17356853460491206,0.17018262100311646,Deck Contrast Only
C_plus_D_minus_A_plus_B_last_17_minus_first_17,0.4384116843337816,2.9071270354335264e-4,0.22020193756088055,0.08039021489731397,Deck Contrast Only
C_plus_D_minus_A_plus_B_41_to_100_mediansplit,0.4243696256336901,4.7445023803415994e-4,0.4049871908421909,9.01794814643054e-4,Both
C_plus_D_minus_A_plus_B_1_to_60_0cutuff,0.22803356817015177,0.06994416164874626,0.3106292333519147,0.012482888477259143,Outcome Contrast Only
C_plus_D_minus_A_plus_B_61_to_100_0cutuff,0.3490097061198452,0.00470575208674269,0.31342054186298013,0.011674377500249966,Both
C_plus_D_divided_A_plus_B,0.29277226516011656,0.018889108314900063,0.07220998561632064,0.570690170504274,Deck Contrast Only
proportion_switch_any,-0.14157218250339734,0.2644705932667493,-0.07976541781534902,0.5309568793700239,Neither
proportion_switch_advantageous_after_loss,-0.11375362039908153,0.37078553919113333,-0.04130806783861988,0.7458701052486354,Neither
A_after_loss_on_A,-0.047880853959723385,0.70713034462525,-0.20622511826453085,0.10206766484773776,Neither
C_or_D_after_loss_on_C_or_D,0.3279197741307032,0.008163495926204167,0.2259583403908189,0.07260003952076499,Deck Contrast Only
proportion_switch_any_1,-0.10499666431398624,0.4089720655413386,-0.16111111284451357,0.203439542386911,Neither
proportion_switch_any_2,-0.03796605008697091,0.7658179903383152,-0.012622276712853696,0.9211446845834981,Neither
proportion_switch_any_3,-0.17051867589012493,0.17793097677170944,-0.05103317913267502,0.68880302283056,Neither
proportion_switch_any_4,-0.16550664741170376,0.19121548777955485,-0.06143263071497222,0.6296421123563791,Neither
proportion_switch_any_5,-0.12018807948835712,0.34415411916181915,-0.07186851089832719,0.572518068970604,Neither
proportion_switch_any__1,-0.06708921664323857,0.5983813789543684,-0.14388127007721976,0.25667809894710153,Neither
proportion_switch_any__2,-0.13288214536482285,0.29521219628108536,-0.05454927489915054,0.6685694170605372,Neither
proportion_switch_any__3,-0.12741850449011125,0.3156898178592488,-0.046225704945196164,0.7168207363441241,Neither
proportion_switch_any__4,-0.13762659013952774,0.27815062759802855,-0.058531313442499705,0.6459355460016837,Neither
total_won,-0.4221309396328111,5.119920581176258e-4,-0.37711920341801897,0.002127924121116247,Both
total_lost,0.4250327104219473,4.6382156884331545e-4,0.3519472410128496,0.0043452727754920715,Both
total_balance,0.3343272078701065,0.006932362618514268,0.2505117756686211,0.0458735562973379,Both
one_lag_autocorrelation_block_1,0.02902941934184167,0.819874701735391,-0.06270271845198841,0.6225638282249129,Neither
one_lag_autocorrelation_block_3,-0.132676240347433,0.3039561987165967,0.046135804476347596,0.7217878416264423,Neither
one_lag_autocorrelation_block_3_minus_block_1,-0.17452029707051717,0.17489384872988498,0.07408081570494433,0.5671667602929307,Neither
