"Authors","Author full names","Author(s) ID","Title","Year","Source title","Volume","Issue","Art. No.","Page start","Page end","Cited by","DOI","Link","Document Type","Publication Stage","Open Access","Source","EID"
"Jiang, Y.; Zeng, Y.; Zhang, M.; Wang, H.; He, W.; Xu, P.; Ai, H.","Jiang, Yuhan (59695685200); Zeng, Ying (59694834500); Zhang, Mengli (59694834600); Wang, Hongshuo (59695007600); He, Wei (59695523200); Xu, Pengfei (57201835683); Ai, Hui (28767574200)","59695685200; 59694834500; 59694834600; 59695007600; 59695523200; 57201835683; 28767574200","Value-based decision-making deficits in non-suicidal self-injury: A systematic review and meta-analysis","2025","Neuroscience and Biobehavioral Reviews","172","","106107","","","1","10.1016/j.neubiorev.2025.106107","https://www.scopus.com/inward/record.uri?eid=2-s2.0-105000175434&doi=10.1016%2Fj.neubiorev.2025.106107&partnerID=40&md5=4f1004ddde0cc046ee4d91c16872188b","Review","Final","All Open Access; Hybrid Gold Open Access","Scopus","2-s2.0-105000175434"
"Zanini, L.; Picano, C.; Spitoni, G.F.","Zanini, Ludovica (57223002261); Picano, Chiara (57221532703); Spitoni, Grazia Fernanda (16178748800)","57223002261; 57221532703; 16178748800","The Iowa Gambling Task: Men and Women Perform Differently. A Meta-analysis","2025","Neuropsychology Review","35","1","100253","211","231","13","10.1007/s11065-024-09637-3","https://www.scopus.com/inward/record.uri?eid=2-s2.0-105001955387&doi=10.1007%2Fs11065-024-09637-3&partnerID=40&md5=f3734c00ac4eadf7161f86e30fea2699","Review","Final","All Open Access; Green Accepted Open Access; Green Open Access; Hybrid Gold Open Access","Scopus","2-s2.0-105001955387"
"Corbo, I.; Favieri, F.; Forte, G.; Casagrande, M.","Corbo, Ilaria (57462435100); Favieri, Francesca (57207829544); Forte, Giuseppe (57210560069); Casagrande, Maria (7004119616)","57462435100; 57207829544; 57210560069; 7004119616","Decision-making under uncertainty in healthy and cognitively impaired aging: A systematic review and meta-analysis","2025","Archives of Gerontology and Geriatrics","129","","105643","","","4","10.1016/j.archger.2024.105643","https://www.scopus.com/inward/record.uri?eid=2-s2.0-85205494582&doi=10.1016%2Fj.archger.2024.105643&partnerID=40&md5=68871ab91b7cbe6eaf94d601ee22db80","Review","Final","All Open Access; Hybrid Gold Open Access","Scopus","2-s2.0-85205494582"
"Lu, J.; Li, Y.; He, G.","Lu, Jiaqi (58298165500); Li, Yusi (59449819100); He, Guibing (55510655600)","58298165500; 59449819100; 55510655600","Risky decision-making in bipolar disorder: Evidence from a three-level meta-analysis","2025","Acta Psychologica Sinica","57","1","","100","124","1","10.3724/SP.J.1041.2025.0100","https://www.scopus.com/inward/record.uri?eid=2-s2.0-85210596389&doi=10.3724%2FSP.J.1041.2025.0100&partnerID=40&md5=398f74680af384de47fddf206ebff823","Article","Final","","Scopus","2-s2.0-85210596389"
"Moore, S.; Naragon-Gainey, K.; Pestell, C.F.; Becerra, R.; Buelow, M.T.; Fynn, D.M.; Weinborn, M.","Moore, Sammy (58723157600); Naragon-Gainey, Kristin E. (26537836700); Pestell, Carmela F. (7005787145); Becerra, Rodrigo (55508346700); Buelow, Melissa T. (25648957400); Fynn, Danielle M. (57222096334); Weinborn, Michael G. (6506427905)","58723157600; 26537836700; 7005787145; 55508346700; 25648957400; 57222096334; 6506427905","The Level and Nature of Impairment on the Iowa Gambling Task Following Acquired Brain Injury: A Meta-analysis","2025","Neuropsychology Review","","","","","","0","10.1007/s11065-025-09668-4","https://www.scopus.com/inward/record.uri?eid=2-s2.0-105007861078&doi=10.1007%2Fs11065-025-09668-4&partnerID=40&md5=a567e800fe08d1c7f7fb671dde43b65f","Review","aip","All Open Access; Hybrid Gold Open Access","Scopus","2-s2.0-105007861078"
"Chrusciel, J.H.; Simon, A.C.; Welter, C.W.; Pereira-Schiavon, C.; Rota, S.A.; de Carvalho Boto Ferreira, M.A.; Viola, T.W.; Kluwe-Schiavon, B.","Chrusciel, João Henrique (57775919700); Simon, Ana Carolina (59347402200); Welter, Carolina Weingärtner (59346859200); Pereira-Schiavon, Caroline (59347130700); Rota, Sofia Augustin (59347808800); de Carvalho Boto Ferreira, Mário Augusto (57191320382); Viola, Thiago Wendt (6603472530); Kluwe-Schiavon, Bruno (55444344900)","57775919700; 59347402200; 59346859200; 59347130700; 59347808800; 57191320382; 6603472530; 55444344900","The Effects of Psychosocial Stress on Social and Nonsocial Decision Making: A Systematic Review and Meta-Analysis","2024","Psychology and Neuroscience","17","3","","226","252","2","10.1037/pne0000347","https://www.scopus.com/inward/record.uri?eid=2-s2.0-85205216802&doi=10.1037%2Fpne0000347&partnerID=40&md5=6f8757ee3955f7763facaf722bf57a07","Article","Final","","Scopus","2-s2.0-85205216802"
"Wang, T.; Zeng, J.; Yuan, Y.; He, Y.; Zhu, J.; Lin, B.; Yin, Q.; Peng, P.","Wang, Tao (58187228400); Zeng, Jianmin (55392151300); Yuan, Yujie (58186818000); He, Ying (58186940100); Zhu, Jiayi (58967297200); Lin, Beitong (58967748500); Yin, Qiao (58967297300); Peng, Peiru (58967527400)","58187228400; 55392151300; 58186818000; 58186940100; 58967297200; 58967748500; 58967297300; 58967527400","Exploring the complex relationship between depression and risky decision-making: A meta-analysis","2024","Journal of Affective Disorders Reports","16","","100771","","","2","10.1016/j.jadr.2024.100771","https://www.scopus.com/inward/record.uri?eid=2-s2.0-85189311048&doi=10.1016%2Fj.jadr.2024.100771&partnerID=40&md5=881192e003bf9a0ba390637cf8b6b219","Review","Final","All Open Access; Gold Open Access","Scopus","2-s2.0-85189311048"
"Lu, J.; Zhao, X.; Wei, X.; He, G.","Lu, Jiaqi (58298165500); Zhao, Xu (58686538400); Wei, Xuxuan (58686187400); He, Guibing (55510655600)","58298165500; 58686538400; 58686187400; 55510655600","Risky decision-making in major depressive disorder: A three-level meta-analysis","2024","International Journal of Clinical and Health Psychology","24","1","100417","","","12","10.1016/j.ijchp.2023.100417","https://www.scopus.com/inward/record.uri?eid=2-s2.0-85176096805&doi=10.1016%2Fj.ijchp.2023.100417&partnerID=40&md5=4cb3177e35e447e6b73879d34604377a","Article","Final","All Open Access; Gold Open Access; Green Accepted Open Access; Green Open Access","Scopus","2-s2.0-85176096805"
"Zeif, D.; Yakobi, O.; Yechiam, E.","Zeif, Dana (57216500449); Yakobi, Ofir (57211123191); Yechiam, Eldad (55892873800)","57216500449; 57211123191; 55892873800","Choice behavior in autistic adults: What drives the extreme switching phenomenon?","2023","PLOS ONE","18","3 March","e0282296","","","4","10.1371/journal.pone.0282296","https://www.scopus.com/inward/record.uri?eid=2-s2.0-85149311859&doi=10.1371%2Fjournal.pone.0282296&partnerID=40&md5=19e5ae7f0db89bc9cf6a24774699b412","Article","Final","All Open Access; Gold Open Access; Green Accepted Open Access; Green Open Access","Scopus","2-s2.0-85149311859"
"Sastre-Buades, A.; Alacreu-Crespo, A.; Courtet, P.; Baca-Garcia, E.; Barrigon, M.L.","Sastre-Buades, Aina (57223224009); Alacreu-Crespo, Adrián (56437739200); Courtet, Philippe (57217339540); Baca-Garcia, Enrique (7004712190); Barrigon, Maria Luisa (24390514100)","57223224009; 56437739200; 57217339540; 7004712190; 24390514100","Decision-making in suicidal behavior: A systematic review and meta-analysis","2021","Neuroscience and Biobehavioral Reviews","131","","","642","662","42","10.1016/j.neubiorev.2021.10.005","https://www.scopus.com/inward/record.uri?eid=2-s2.0-85116527491&doi=10.1016%2Fj.neubiorev.2021.10.005&partnerID=40&md5=9e605cd6816ce3e2c149d7026a9d9e3b","Review","Final","","Scopus","2-s2.0-85116527491"
"Lewis, Y.D.; Gallop, L.; Campbell, I.C.; Schmidt, U.","Lewis, Yael Doreen (57189239732); Gallop, Lucy (57222354550); Campbell, Iain C. (35472858700); Schmidt, Ulrike H. (7402009547)","57189239732; 57222354550; 35472858700; 7402009547","Effects of non-invasive brain stimulation in children and young people with psychiatric disorders: a protocol for a systematic review","2021","Systematic Reviews","10","1","76","","","6","10.1186/s13643-021-01627-3","https://www.scopus.com/inward/record.uri?eid=2-s2.0-85102440075&doi=10.1186%2Fs13643-021-01627-3&partnerID=40&md5=79774920cca29afc1ae0bd6be82ac6d1","Article","Final","All Open Access; Gold Open Access; Green Accepted Open Access; Green Open Access","Scopus","2-s2.0-85102440075"
"Colautti, L.; Iannello, P.; Silveri, M.C.; Antonietti, A.","Colautti, Laura (58226086200); Iannello, Paola (24080277300); Silveri, Maria Caterina (7005924852); Antonietti, Alessandro (7004675276)","58226086200; 24080277300; 7005924852; 7004675276","Decision making in Parkinson's disease: An analysis of the studies using the Iowa Gambling Task","2021","European Journal of Neuroscience","54","10","","7513","7549","22","10.1111/ejn.15497","https://www.scopus.com/inward/record.uri?eid=2-s2.0-85118687035&doi=10.1111%2Fejn.15497&partnerID=40&md5=de46730f8e797dd7980537fc5e7e9127","Review","Final","All Open Access; Green Final Open Access; Green Open Access; Hybrid Gold Open Access","Scopus","2-s2.0-85118687035"
"Watson, P.; Le Pelley, M.E.","Watson, Poppy (55340167900); Le Pelley, Mike E. (6603589906)","55340167900; 6603589906","A meta-analysis of the relationship between eating restraint, impaired cognitive control and cognitive bias to food in non-clinical samples","2021","Clinical Psychology Review","89","","102082","","","12","10.1016/j.cpr.2021.102082","https://www.scopus.com/inward/record.uri?eid=2-s2.0-85115172868&doi=10.1016%2Fj.cpr.2021.102082&partnerID=40&md5=9b15e04b017533c99e3bb3100b5d07a3","Review","Final","","Scopus","2-s2.0-85115172868"
"Perrain, R.; Dardennes, R.; Jollant, F.","Perrain, Rebecca (57214802529); Dardennes, Roland M. (57192359989); Jollant, Fabrice (6506821335)","57214802529; 57192359989; 6506821335","Risky decision-making in suicide attempters, and the choice of a violent suicidal means: an updated meta-analysis","2021","Journal of Affective Disorders","280","","","241","249","49","10.1016/j.jad.2020.11.052","https://www.scopus.com/inward/record.uri?eid=2-s2.0-85096370664&doi=10.1016%2Fj.jad.2020.11.052&partnerID=40&md5=b5c1981d8bf1f71034af99dea163074c","Article","Final","All Open Access; Bronze Open Access","Scopus","2-s2.0-85096370664"
"Nisticò, V.; de Angelis, A.; Erro, R.; Demartini, B.; Ricciardi, L.","Nisticò, Veronica (57215562199); de Angelis, Andrea (7005924041); Erro, Roberto (36008087300); Demartini, Benedetta (36439073200); Ricciardi, Lucia (36167347400)","57215562199; 7005924041; 36008087300; 36439073200; 36167347400","Obsessive-compulsive disorder and decision making under ambiguity: A systematic review with meta-analysis","2021","Brain Sciences","11","2","143","1","23","16","10.3390/brainsci11020143","https://www.scopus.com/inward/record.uri?eid=2-s2.0-85099710305&doi=10.3390%2Fbrainsci11020143&partnerID=40&md5=bb44715ed4675baffcef7621b2dda24e","Article","Final","All Open Access; Gold Open Access; Green Accepted Open Access; Green Final Open Access; Green Open Access","Scopus","2-s2.0-85099710305"
"Howard, M.; Gregertsen, E.C.; Hindocha, C.; Serpell, L.","Howard, Maxine (56192217000); Gregertsen, Eva C. (57193700903); Hindocha, Chandni N. (56149013800); Serpell, Lucy (55747914900)","56192217000; 57193700903; 56149013800; 55747914900","Impulsivity and compulsivity in anorexia and bulimia nervosa: A systematic review","2020","Psychiatry Research","293","","113354","","","48","10.1016/j.psychres.2020.113354","https://www.scopus.com/inward/record.uri?eid=2-s2.0-85089140975&doi=10.1016%2Fj.psychres.2020.113354&partnerID=40&md5=9b2a0257a5eb3f8a67aff696dbebee94","Review","Final","","Scopus","2-s2.0-85089140975"
"Zeif, D.; Yechiam, E.","Zeif, Dana (57216500449); Yechiam, Eldad (55892873800)","57216500449; 55892873800","Autism is not associated with poor or enhanced performance on the Iowa Gambling Task: A Meta-Analysis","2020","Neuroscience and Biobehavioral Reviews","113","","","440","447","23","10.1016/j.neubiorev.2020.04.016","https://www.scopus.com/inward/record.uri?eid=2-s2.0-85083711349&doi=10.1016%2Fj.neubiorev.2020.04.016&partnerID=40&md5=6eb080389ed56553dd2958734ab876f0","Review","Final","","Scopus","2-s2.0-85083711349"
"Kluwe-Schiavon, B.; Viola, T.W.; Sanvicente-Vieira, B.; Lumertz, F.S.; Salum, G.A.; Grassi-Oliveira, R.; Quednow, B.B.","Kluwe-Schiavon, Bruno (55444344900); Viola, Thiago Wendt (6603472530); Sanvicente-Vieira, Breno (54881972200); Lumertz, Francisco Sindermann (57210963676); Salum, Giovanni Abrahão (16550910800); Grassi-Oliveira, Rodrigo (13103077200); Quednow, Boris B. (7003344504)","55444344900; 6603472530; 54881972200; 57210963676; 16550910800; 13103077200; 7003344504","Substance related disorders are associated with impaired valuation of delayed gratification and feedback processing: A multilevel meta-analysis and meta-regression","2020","Neuroscience and Biobehavioral Reviews","108","","","295","307","48","10.1016/j.neubiorev.2019.11.016","https://www.scopus.com/inward/record.uri?eid=2-s2.0-85075627805&doi=10.1016%2Fj.neubiorev.2019.11.016&partnerID=40&md5=85a82108367d0dfd134bb042a17f4dd6","Review","Final","All Open Access; Gold Open Access; Green Open Access","Scopus","2-s2.0-85075627805"
"Simonovic, B.; Stupple, E.; Gale, M.; Sheffield, D.","Simonovic, Boban (57191900873); Stupple, Edward J.N. (16231962300); Gale, Maggie (13404413500); Sheffield, David (7004198260)","57191900873; 16231962300; 13404413500; 7004198260","Sweating the small stuff: A meta-analysis of skin conductance on the Iowa gambling task","2019","Cognitive, Affective and Behavioral Neuroscience","19","5","","1097","1112","17","10.3758/s13415-019-00744-w","https://www.scopus.com/inward/record.uri?eid=2-s2.0-85073125528&doi=10.3758%2Fs13415-019-00744-w&partnerID=40&md5=fb018647a8b0e239feb41f5f803e0e7b","Article","Final","All Open Access; Green Final Open Access; Green Open Access; Hybrid Gold Open Access","Scopus","2-s2.0-85073125528"
"Jones, K.A.; Hewson, T.; Sales, C.P.; Khalifa, N.","Jones, Katy A. (35793798800); Hewson, Thomas (57203179227); Sales, Christian P. (57196346392); Khalifa, Najat R. (23569956100)","35793798800; 57203179227; 57196346392; 23569956100","A Systematic Review and Meta-Analysis of Decision-Making in Offender Populations with Mental Disorder","2019","Neuropsychology Review","29","2","","244","258","9","10.1007/s11065-018-09397-x","https://www.scopus.com/inward/record.uri?eid=2-s2.0-85062031132&doi=10.1007%2Fs11065-018-09397-x&partnerID=40&md5=a8fee61184a104579460eb6183c6b70d","Review","Final","All Open Access; Green Accepted Open Access; Green Open Access; Hybrid Gold Open Access","Scopus","2-s2.0-85062031132"
"Betz, L.T.; Brambilla, P.; Ilankovic, A.; Premkumar, P.; Kim, M.-S.; Raffard, S.; Bayard, S.; Hori, H.; Lee, K.-U.; Lee, S.J.; Koutsouleris, N.; Kambeitz, J.","Betz, Linda T. (57203962459); Brambilla, Paolo C. (58336857600); Ilankovic, Andrej (6504509995); Premkumar, Preethi (23390127900); Kim, Myungsun (59244554000); Raffard, Stéphane (23568550800); Bayard, Sophie (15057617400); Hori, Hikaru (15049570700); Lee, Kyoung-uk (7501503004); Lee, Seung-jae (58509400200); Koutsouleris, Nikolaos (23008663100); Kambeitz, Joseph P. (36790051100)","57203962459; 58336857600; 6504509995; 23390127900; 59244554000; 23568550800; 15057617400; 15049570700; 7501503004; 58509400200; 23008663100; 36790051100","Deciphering reward-based decision-making in schizophrenia: A meta-analysis and behavioral modeling of the Iowa Gambling Task","2019","Schizophrenia Research","204","","","7","15","28","10.1016/j.schres.2018.09.009","https://www.scopus.com/inward/record.uri?eid=2-s2.0-85053790417&doi=10.1016%2Fj.schres.2018.09.009&partnerID=40&md5=a78ca71680087ad1fc093a8bdda80edf","Article","Final","","Scopus","2-s2.0-85053790417"
"Zhang, L.; Qiu, X.; Zhu, X.; Zou, X.; Chen, L.","Zhang, Lin (59116512400); Qiu, Xiangmiao (57194615561); Zhu, Xi (57191694055); Zou, Xiaoyi (7203047879); Chen, Lei (57032035500)","59116512400; 57194615561; 57191694055; 7203047879; 57032035500","Decision-making in patient s with epilepsy: A systematic review and meta-analysis","2018","Epilepsy Research","148","","","55","62","8","10.1016/j.eplepsyres.2018.10.009","https://www.scopus.com/inward/record.uri?eid=2-s2.0-85055509242&doi=10.1016%2Fj.eplepsyres.2018.10.009&partnerID=40&md5=3601da092dfba13c2d703aaec8fd0b2c","Review","Final","","Scopus","2-s2.0-85055509242"
"Woodrow, A.; Sparks, S.; Bobrovskaia, V.; Paterson, C.; Murphy, P.; Hutton, P.","Woodrow, Amanda (57204211629); Sparks, Sarah (59806272200); Bobrovskaia, Valeria (57204214964); Paterson, Charlotte (57201687104); Murphy, Philip (59088737400); Hutton, Paul (53879614700)","57204211629; 59806272200; 57204214964; 57201687104; 59088737400; 53879614700","Decision-making ability in psychosis: a systematic review and meta-analysis of the magnitude, specificity and correlates of impaired performance on the Iowa and Cambridge Gambling Tasks","2018","Psychological Medicine","49","1","","32","48","32","10.1017/S0033291718002660","https://www.scopus.com/inward/record.uri?eid=2-s2.0-85054995791&doi=10.1017%2FS0033291718002660&partnerID=40&md5=fd395976a11a3c8f5cf69c724647bbdc","Article","Final","All Open Access; Gold Open Access; Green Accepted Open Access; Green Open Access","Scopus","2-s2.0-85054995791"
"Kovács, I.; Richman, M.J.; Janka, Z.; Maráz, A.; Andó, B.","Kovács, Ildikó (56946316200); Richman, Mara J. (57002795200); Janka, Zoltán (7007162221); Maráz, Anikó (56456508500); Andó, Bálint (54794895100)","56946316200; 57002795200; 7007162221; 56456508500; 54794895100","Decision making measured by the Iowa Gambling Task in alcohol use disorder and gambling disorder: a systematic review and meta-analysis","2017","Drug and Alcohol Dependence","181","","","152","161","121","10.1016/j.drugalcdep.2017.09.023","https://www.scopus.com/inward/record.uri?eid=2-s2.0-85033702636&doi=10.1016%2Fj.drugalcdep.2017.09.023&partnerID=40&md5=74d4a7eb4bfd898559d1988902646973","Review","Final","","Scopus","2-s2.0-85033702636"
"Pasion, R.; Gonçalves, A.R.; Fernandes, C.; Ferreira-Santos, F.; Barbosa, F.; Marques-Teixeira, J.","Pasion, Rita (57170522300); Gonçalves, Ana Ribeiro (57197513744); Fernandes, Carina (56397623200); Ferreira-Santos, Fernando (53986199300); Barbosa, Fernando (8939032600); Marques-Teixeira, João Eduardo (8939032500)","57170522300; 57197513744; 56397623200; 53986199300; 8939032600; 8939032500","Meta-analytic evidence for a reversal learning effect on the Iowa Gambling Task in older adults","2017","Frontiers in Psychology","8","OCT","1785","","","18","10.3389/fpsyg.2017.01785","https://www.scopus.com/inward/record.uri?eid=2-s2.0-85032226444&doi=10.3389%2Ffpsyg.2017.01785&partnerID=40&md5=6e3129656498bcba8a4a1e45ffea8f3f","Review","Final","All Open Access; Gold Open Access; Green Accepted Open Access; Green Open Access","Scopus","2-s2.0-85032226444"
"Rotgé, J.-Y.; Poitou, C.; Fossati, P.; Aron-Wisnewsky, J.; Oppert, J.-M.","Rotgé, Jean Yves (16317561500); Poitou, Christine (55908860000); Fossati, Philippe (7102550725); Aron-Wisnewsky, Judith (35331621400); Oppert, Jean Michel (7003273891)","16317561500; 55908860000; 7102550725; 35331621400; 7003273891","Decision-making in obesity without eating disorders: a systematic review and meta-analysis of Iowa gambling task performances","2017","Obesity Reviews","18","8","","936","942","37","10.1111/obr.12549","https://www.scopus.com/inward/record.uri?eid=2-s2.0-85018627321&doi=10.1111%2Fobr.12549&partnerID=40&md5=715ce1d0a91effdebc3e011947e545a7","Review","Final","All Open Access; Green Accepted Open Access; Green Open Access","Scopus","2-s2.0-85018627321"
"Stephan, R.A.; Alhassoon, O.M.; Allen, K.E.; Wollman, S.C.; Hall, M.; Thomas, W.J.; Gamboa, J.M.; Kimmel, C.; Stern, M.; Sari, C.; Dalenberg, C.J.; Sorg, S.F.; Grant, I.","Stephan, Rick A. (55200917100); Alhassoon, Omar M. (6603658471); Allen, Kenneth E. (55156758900); Wollman, Scott C. (56526591100); Hall, Matthew G. (56525881300); Thomas, William J. (57193006073); Gamboa, Julia M. (57193012362); Kimmel, Christine L. (56526437700); Stern, Mark J. (56526041600); Sari, Celina (57193005612); Dalenberg, Constance J. (6603351057); Sorg, Scott F. (21733402700); Grant, Igor B. (7203073437)","55200917100; 6603658471; 55156758900; 56526591100; 56525881300; 57193006073; 57193012362; 56526437700; 56526041600; 57193005612; 6603351057; 21733402700; 7203073437","Meta-analyses of clinical neuropsychological tests of executive dysfunction and impulsivity in alcohol use disorder","2017","American Journal of Drug and Alcohol Abuse","43","1","","24","43","100","10.1080/00952990.2016.1206113","https://www.scopus.com/inward/record.uri?eid=2-s2.0-85009997102&doi=10.1080%2F00952990.2016.1206113&partnerID=40&md5=3e2a27798f3da8f4f9a3bb935b0b6687","Article","Final","","Scopus","2-s2.0-85009997102"
"Paret, C.; Jennen-Steinmetz, C.; Schmahl, C.","Paret, Christian (55376138200); Jennen-Steinmetz, Christine (16241716300); Schmahl, Christian G. (57203253491)","55376138200; 16241716300; 57203253491","Disadvantageous decision-making in borderline personality disorder: Partial support from a meta-analytic review","2017","Neuroscience and Biobehavioral Reviews","72","","","301","309","46","10.1016/j.neubiorev.2016.11.019","https://www.scopus.com/inward/record.uri?eid=2-s2.0-85006375445&doi=10.1016%2Fj.neubiorev.2016.11.019&partnerID=40&md5=16aef5f723ec4dfd4529d00db4e7ea35","Review","Final","","Scopus","2-s2.0-85006375445"
"Biernacki, K.; McLennan, S.N.; Terrett, G.; Labuschagne, I.; Rendell, P.G.","Biernacki, Kathryn (56003766300); McLennan, Skye N. (7005625812); Terrett, Gill (23394015000); Labuschagne, Izelle (25025994000); Rendell, Peter G. (6603039625)","56003766300; 7005625812; 23394015000; 25025994000; 6603039625","Decision-making ability in current and past users of opiates: A meta-analysis","2016","Neuroscience and Biobehavioral Reviews","71","","","342","351","76","10.1016/j.neubiorev.2016.09.011","https://www.scopus.com/inward/record.uri?eid=2-s2.0-84988457045&doi=10.1016%2Fj.neubiorev.2016.09.011&partnerID=40&md5=5f584c03a51812b900d4e57902693495","Review","Final","","Scopus","2-s2.0-84988457045"
"Evens, R.; Hoefler, M.; Biber, K.; Lueken, U.","Evens, Ricarda (58711969800); Hoefler, Michael (6507248277); Biber, Karolina (57190666504); Lueken, Ulrike (11641398200)","58711969800; 6507248277; 57190666504; 11641398200","The Iowa Gambling Task in Parkinson's disease: A meta-analysis on effects of disease and medication","2016","Neuropsychologia","91","","","163","172","42","10.1016/j.neuropsychologia.2016.07.032","https://www.scopus.com/inward/record.uri?eid=2-s2.0-84982162293&doi=10.1016%2Fj.neuropsychologia.2016.07.032&partnerID=40&md5=beb52a9c4d733afe6fecc52813ecdd90","Review","Final","","Scopus","2-s2.0-84982162293"
"Richard-Devantoy, S.; Olié, E.; Guillaume, S.; Courtet, P.","Richard-Devantoy, Stéphane (23098068500); Olié, Émilie (35771248000); Guillaume, Sebastien (7003700411); Courtet, Philippe (57217339540)","23098068500; 35771248000; 7003700411; 57217339540","Decision-making in unipolar or bipolar suicide attempters","2016","Journal of Affective Disorders","190","","","128","136","49","10.1016/j.jad.2015.10.001","https://www.scopus.com/inward/record.uri?eid=2-s2.0-84945271615&doi=10.1016%2Fj.jad.2015.10.001&partnerID=40&md5=18530ee4af0bbd17e919b09f62893624","Article","Final","","Scopus","2-s2.0-84945271615"
"Guillaume, S.; Gorwood, P.; Jollant, F.; Van den Eynde, F.; Courtet, P.; Richard-Devantoy, S.","Guillaume, Sebastien (7003700411); Gorwood, Philip A.P.M. (7004491587); Jollant, Fabrice (6506821335); Van den Eynde, F. (6506040145); Courtet, Philippe (57217339540); Richard-Devantoy, Stéphane (23098068500)","7003700411; 7004491587; 6506821335; 6506040145; 57217339540; 23098068500","Impaired decision-making in symptomatic anorexia and bulimia nervosa patients: A meta-analysis","2015","Psychological Medicine","45","16","","3377","3391","92","10.1017/S003329171500152X","https://www.scopus.com/inward/record.uri?eid=2-s2.0-84945456759&doi=10.1017%2FS003329171500152X&partnerID=40&md5=a77842d2b42250cf9bce6d30be0a9268","Review","Final","","Scopus","2-s2.0-84945456759"
"Mukherjee, D.; Kable, J.W.","Mukherjee, Dahlia (57194229248); Kable, Joseph W. (6602089946)","57194229248; 6602089946","Value-based decision making in mental illness: A meta-analysis","2014","Clinical Psychological Science","2","6","","767","782","33","10.1177/2167702614531580","https://www.scopus.com/inward/record.uri?eid=2-s2.0-84926187848&doi=10.1177%2F2167702614531580&partnerID=40&md5=a88f97a99a286607fd6e4d9bfb2dc173","Article","Final","","Scopus","2-s2.0-84926187848"
"Richard-Devantoy, S.; Berlim, M.T.; Jollant, F.","Richard-Devantoy, Stéphane (23098068500); Berlim, Marcelo Turkienicz (6602091720); Jollant, Fabrice (6506821335)","23098068500; 6602091720; 6506821335","A meta-analysis of neuropsychological markers of vulnerability to suicidal behavior in mood disorders","2014","Psychological Medicine","44","8","","1663","1673","251","10.1017/S0033291713002304","https://www.scopus.com/inward/record.uri?eid=2-s2.0-84899716503&doi=10.1017%2FS0033291713002304&partnerID=40&md5=2e8d9466eedbe10d1c4d8c882078c665","Article","Final","","Scopus","2-s2.0-84899716503"
"Edge, M.D.; Johnson, S.L.; Ng, T.; Carver, C.S.","Edge, Michael D. (35111246000); Johnson, Sheri L. (7406330976); Ng, Tommy Ho Yee (56262033800); Carver, Charles S. (7006828112)","35111246000; 7406330976; 56262033800; 7006828112","Iowa gambling task performance in euthymic bipolar i disorder: A meta-analysis and empirical study","2013","Journal of Affective Disorders","150","1","","115","122","30","10.1016/j.jad.2012.11.027","https://www.scopus.com/inward/record.uri?eid=2-s2.0-84880919506&doi=10.1016%2Fj.jad.2012.11.027&partnerID=40&md5=9a6da622d8e17a74cffeee992734e180","Article","Final","All Open Access; Green Accepted Open Access; Green Open Access","Scopus","2-s2.0-84880919506"
