Authors,Author full names,Author(s) ID,Title,Year,Source title,Volume,Issue,Art. No.,Page start,Page end,Page count,Cited by,DOI,Link,Abstract,Document Type,Publication Stage,Open Access,Source,EID
Richard-Devantoy S.; Berlim M.T.; Jollant F.,"Richard-Devantoy, S. (23098068500); Berlim, M.T. (6602091720); Jollant, F. (6506821335)",23098068500; 6602091720; 6506821335,A meta-analysis of neuropsychological markers of vulnerability to suicidal behavior in mood disorders,2014,Psychological Medicine,44,8,,1663,1673,10,222,10.1017/S0033291713002304,https://www.scopus.com/inward/record.uri?eid=2-s2.0-84899716503&doi=10.1017%2fS0033291713002304&partnerID=40&md5=691b4cc63979fd627ff7bac7b6f45df5,"Background Suicidal behavior results from a complex interplay between stressful events and vulnerability factors, including cognitive deficits. However, it is not clear which cognitive tests may best reveal this vulnerability. The objective was to identify neuropsychological tests of vulnerability to suicidal acts in patients with mood disorders. Method A search was made of Medline, EMBASE and PsycINFO databases, and article references. A total of 25 studies (2323 participants) met the selection criteria. A total of seven neuropsychological tests [Iowa gambling task (IGT), Stroop test, trail making test part B, Wisconsin card sorting test, category and semantic verbal fluencies, and continuous performance test] were used in at least three studies to be analysed. Results IGT and category verbal fluency performances were lower in suicide attempters than in patient controls [respectively, g = -0.47, 95% confidence interval (CI) -0.65 to -0.29 and g = -0.32, 95% CI -0.60 to -0.04] and healthy controls, with no difference between the last two groups. Stroop performance was lower in suicide attempters than in patient controls (g = 0.37, 95% CI 0.10-0.63) and healthy controls, with patient controls scoring lower than healthy controls. The four other tests were altered in both patient groups versus healthy controls but did not differ between patient groups. Conclusions Deficits in decision-making, category verbal fluency and the Stroop interference test were associated with histories of suicidal behavior in patients with mood disorders. Altered value-based and cognitive control processes may be important factors of suicidal vulnerability. These tests may also have the potential of guiding therapeutic interventions and becoming part of future systematic assessment of suicide risk. Copyright © Cambridge University Press 2013.",Article,Final,,Scopus,2-s2.0-84899716503
Kovács I.; Richman M.J.; Janka Z.; Maraz A.; Andó B.,"Kovács, Ildikó (56946316200); Richman, Mara J. (57002795200); Janka, Zoltán (7007162221); Maraz, Aniko (56456508500); Andó, Bálint (54794895100)",56946316200; 57002795200; 7007162221; 56456508500; 54794895100,Decision making measured by the Iowa Gambling Task in alcohol use disorder and gambling disorder: a systematic review and meta-analysis,2017,Drug and Alcohol Dependence,181,,,152,161,9,90,10.1016/j.drugalcdep.2017.09.023,https://www.scopus.com/inward/record.uri?eid=2-s2.0-85033702636&doi=10.1016%2fj.drugalcdep.2017.09.023&partnerID=40&md5=7ea99619d4a78d3b83df3987735606c5,"Background and aims Gambling disorder (GD) and alcohol use disorder (AD) have similar features, such as elevated impulsivity and decision-making deficits, which are directly linked to relapse and poor therapeutic outcomes. Our aim was to assess decision-making characteristics in GD and AD patients compared to healthy controls (HC) based on one of the most frequently used measures of decision-making: the Iowa Gambling Task (IGT). Methods In our systematic literature search of three databases, we identified 1198 empirical articles that mentioned decision-making deficits with the use of the IGT in patients diagnosed with either AD or GD. Possible effects were calculated using meta-analysis. In the end, 17 studies (including 1360 participants) were suitable for inclusion in the meta-analysis reporting data for 23 group contrasts. Results The random effects estimate indicated impaired IGT performance in both AD patients (N = 500; d = −0.581, CI:-89.5 < δ < −26.6%) and an even greater deficit in GD patients (N = 292; d = −1.034, CI:-156.1 < δ < 50.7%) compared to HCs. Sampling variances were calculated for both AD (v1 = 0.0056) and GD groups (v2 = 0.0061), from which the z-score was calculated (z = −21.0785; p < 0.05), which indicates a statistically significant difference between AD and GD groups. No significant moderating effects of age, gender or education were found. Conclusions There is enough evidence to support that decision-making deficit associated with addictive disorders, and that the deficit is more expressed in gambling disorder than in alcohol use disorder. Impaired decision-making plays an important part in poor therapeutic outcomes, thus provides a promising opportunity for cognitive intervention. © 2017 Elsevier B.V.",Review,Final,,Scopus,2-s2.0-85033702636
Stephan R.A.; Alhassoon O.M.; Allen K.E.; Wollman S.C.; Hall M.; Thomas W.J.; Gamboa J.M.; Kimmel C.; Stern M.; Sari C.; Dalenberg C.J.; Sorg S.F.; Grant I.,"Stephan, Rick A. (55200917100); Alhassoon, Omar M. (6603658471); Allen, Kenneth E. (55156758900); Wollman, Scott C. (56526591100); Hall, Matt (56525881300); Thomas, William J. (57193006073); Gamboa, Julia M. (57193012362); Kimmel, Chrissy (56526437700); Stern, Mark (56526041600); Sari, Celina (57193005612); Dalenberg, Constance J. (6603351057); Sorg, Scott F. (21733402700); Grant, Igor (7203073437)",55200917100; 6603658471; 55156758900; 56526591100; 56525881300; 57193006073; 57193012362; 56526437700; 56526041600; 57193005612; 6603351057; 21733402700; 7203073437,Meta-analyses of clinical neuropsychological tests of executive dysfunction and impulsivity in alcohol use disorder,2017,American Journal of Drug and Alcohol Abuse,43,1,,24,43,19,76,10.1080/00952990.2016.1206113,https://www.scopus.com/inward/record.uri?eid=2-s2.0-85009997102&doi=10.1080%2f00952990.2016.1206113&partnerID=40&md5=a68b400581f45aefb2bd55939baa3650,"Background: Promising models for cognitive rehabilitation in alcohol treatment rest on a more nuanced understanding of the associated impairments in the multifaceted domains of executive functioning (EF) and impulsivity. Objectives: This meta-analysis examined the effects of alcohol on the individual subcomponents of EF and impulsivity in recently detoxified participants, including 1) Inhibition & Self-Regulation, 2) Flexibility & Set Shifting, 3) Planning & Problem Solving, 4) Reasoning & Abstraction, and 5) Verbal Fluency. Impulsivity was further examined through an analysis of motor, cognitive, and decisional subcategories. Method: Investigators searched, coded, and calculated effect sizes of impairments demonstrated in a broad range of neuropsychological tests for EF. A total of 77 studies were selected covering 48 years of research with a sample size of 5140. Results: Findings ranged from a Hedges’ g effect size of 0.803 for Inhibition to a Hedges’ g of 0.359 for Verbal Fluency. Results also varied for the individual subcategories of Inhibition, including a large effect size for decisional impulsivity (g = 0.817) and cognitive impulsivity (0.860), and a moderate effect size for motor impulsivity (g = 0.529). The Hayling Test, Wisconsin Card Sorting Test, and Iowa Gambling Task were the measures most sensitive for alcohol effects. Conclusion: Planning, problem solving, and inhibitory abilities are significantly affected by alcohol abuse, with decisional and cognitive forms of impulsivity most impacted. Cognitive remediation targeting these deficits might increase the related functions that mediate the ability to moderate or abstain from alcohol, and so lead to improved treatment results. © 2017 Taylor & Francis.",Article,Final,All Open Access; Green Open Access,Scopus,2-s2.0-85009997102
Guillaume S.; Gorwood P.; Jollant F.; Van Den Eynde F.; Courtet P.; Richard-Devantoy S.,"Guillaume, S. (7003700411); Gorwood, P. (7004491587); Jollant, F. (6506821335); Van Den Eynde, F. (6506040145); Courtet, P. (57217339540); Richard-Devantoy, S. (23098068500)",7003700411; 7004491587; 6506821335; 6506040145; 57217339540; 23098068500,Impaired decision-making in symptomatic anorexia and bulimia nervosa patients: A meta-analysis,2015,Psychological Medicine,45,16,,3377,3391,14,73,10.1017/S003329171500152X,https://www.scopus.com/inward/record.uri?eid=2-s2.0-84945456759&doi=10.1017%2fS003329171500152X&partnerID=40&md5=00a9413b29f8d799d20094e87660724a,"Impaired decision-making is a potential neurocognitive phenotype of eating disorders. It is therefore important to disentangle the decision-making deficits associated with the eating disorder subtypes and determine whether this putative impairment is a state or trait marker of the disease or more related to starvation. We systematically reviewed the literature on decision-making in eating disorders and conducted a meta-analysis to explore its role in anorexia nervosa (AN), bulimia nervosa (BN) and binge-eating disorder (BED). Method. A search of the Medline and EMBASE databases and article references was performed. A total of 23 studies (2044 participants) met the selection criteria. When the Iowa gambling task (IGT) was used in at least three of the studies, a meta-analysis was run. Results. IGT performance was significantly worse in patients with an eating disorder diagnosis (AN, BN or BED) compared with healthy controls, indicating that eating disorders have a negative effect on decision-making. Hedges' g effect sizes were moderate to large (-0.72 in AN,-0.62 in BN, and-1.26 in BED). Recovered AN patients had IGT scores similar to those of healthy controls. Restrictive AN patients had significantly lower IGT net scores than purging AN patients, and both AN subtypes had worse performances than healthy controls. Age and body mass index did not explain results. Conclusions. Decision-making was significantly altered in patients with eating disorders. Poor decision-making was more pronounced during the acute phase than in the recovered state of AN. Nutritional status during the acute phase of the disease did not seem to influence decision-making skills. © 2015 Cambridge University Press.",Review,Final,,Scopus,2-s2.0-84945456759
Biernacki K.; McLennan S.N.; Terrett G.; Labuschagne I.; Rendell P.G.,"Biernacki, Kathryn (56003766300); McLennan, Skye N. (7005625812); Terrett, Gill (23394015000); Labuschagne, Izelle (25025994000); Rendell, Peter G. (6603039625)",56003766300; 7005625812; 23394015000; 25025994000; 6603039625,Decision-making ability in current and past users of opiates: A meta-analysis,2016,Neuroscience and Biobehavioral Reviews,71,,,342,351,9,61,10.1016/j.neubiorev.2016.09.011,https://www.scopus.com/inward/record.uri?eid=2-s2.0-84988457045&doi=10.1016%2fj.neubiorev.2016.09.011&partnerID=40&md5=c094a2244a2908f4fe27ec5590edb53d,"Opiate use is associated with deficits in decision-making. However, the impact of abstinence and co-morbid factors, like head injury and poly-substance abuse, on this ability, is currently unclear. This meta-analysis aimed to assess 1) the magnitude of decision-making deficits in opiate users; 2) whether co-morbid factors moderate the severity of these deficits; 3) whether ex-opiate users demonstrate smaller decision-making deficits than current users; and 4) whether the length of abstinence is related to the magnitude of decision-making deficits. We analysed 22 studies that compared the performance of current and ex-opiate users to healthy controls on decision-making measures such as the Iowa Gambling Task. Current users demonstrated a moderately strong impairment in decision-making relative to controls, which was not significantly moderated by co-morbid factors. The magnitude of the impairment did not significantly differ between studies assessing current or ex-users, and this impairment was not related to length of abstinence. Thus, it appears that opiate users have relatively severe decision-making deficits that persist at least 1.5 years after cessation of use. © 2016 Elsevier Ltd",Review,Final,All Open Access; Green Open Access,Scopus,2-s2.0-84988457045
Richard-Devantoy S.; Olié E.; Guillaume S.; Courtet P.,"Richard-Devantoy, Stéphane (23098068500); Olié, Emilie (35771248000); Guillaume, Sébastien (7003700411); Courtet, Philippe (57217339540)",23098068500; 35771248000; 7003700411; 57217339540,Decision-making in unipolar or bipolar suicide attempters,2016,Journal of Affective Disorders,190,,,128,136,8,42,10.1016/j.jad.2015.10.001,https://www.scopus.com/inward/record.uri?eid=2-s2.0-84945271615&doi=10.1016%2fj.jad.2015.10.001&partnerID=40&md5=fea476d3a60a71ecd2b61e0599e6282f,"Objective Disadvantageous decision-making (mainly measured by the Iowa Gambling Task) has been demonstrated in patients with suicidal behavior compared to controls. We, therefore, aimed at clarifying the qualitative and quantitative relationship between decision-making and the risk of suicidal behavior in unipolar and bipolar disorders respectively, as well as establishing the strength of this relationship. Methods (1) We conducted a cross-sectional study comparing IGT performances between 141 unipolar suicide attempters and 57 bipolar suicide attempters. (2) We conducted a systematic review and a meta-analysis of studies comparing IGT performances in patients with vs. without a history of suicidal acts in bipolar and unipolar disorder, together and separately. Results (1) Among suicide attempters, bipolar and unipolar groups performed similarly (t(195)=-0.7; p=0.48). Unipolar non-attempters performed better IGT than unipolar suicide attempters (t(221)=3.1; p=0.002), only in female gender, whereas performances were similar in bipolar patients whatever the history of suicide attempt (t(77)=-0.3; p=0.7). (2) A meta-analysis of 10 studies confirmed significantly impaired decision-making with a moderate effect-size (-0.38 (95% CI[-0.61 - 0.16]; z=-3.3; p=0.001) in unipolar disorder and (g=-0.4 (95% CI[-0.75 to -0.05]; z=-2.2; p<0.026) in bipolar disorder suicide attempters compared to unipolar and bipolar non-attempters, respectively. Limitations It was not possible to analyse according to the level of lethality attempt. Conclusion Overall, a strong significant association was found between decision-making and the risk of suicidal behavior in unipolar disorder and bipolar disorder. However, further neuropsychological studies need to analyse separately unipolar and bipolar disorder and to study gender differences. © 2015 Elsevier B.V. All rights reserved.",Article,Final,,Scopus,2-s2.0-84945271615
Paret C.; Jennen-Steinmetz C.; Schmahl C.,"Paret, Christian (55376138200); Jennen-Steinmetz, Christine (16241716300); Schmahl, Christian (57203253491)",55376138200; 16241716300; 57203253491,Disadvantageous decision-making in borderline personality disorder: Partial support from a meta-analytic review,2017,Neuroscience and Biobehavioral Reviews,72,,,301,309,8,34,10.1016/j.neubiorev.2016.11.019,https://www.scopus.com/inward/record.uri?eid=2-s2.0-85006375445&doi=10.1016%2fj.neubiorev.2016.11.019&partnerID=40&md5=0b0051b4f05352bca322ba4fa1a16dc3,"To achieve long-term goals, organisms evaluate outcomes and expected consequences of their behaviors. Unfavorable decisions maintain many symptoms of borderline personality disorder (BPD); therefore, a better understanding of the mechanisms underlying decision-making in BPD is needed. In this review, the current literature comparing decision-making in patients with BPD versus healthy controls is analyzed. Twenty-eight empirical studies were identified through a structured literature search. The effect sizes from studies applying comparable experimental tasks were analyzed. It was found that (1) BPD patients discounted delayed rewards more strongly; (2) reversal learning was not significantly altered in BPD; and (3) BPD patients achieved lower net gains in the Iowa Gambling Task (IGT). Current psychotropic medication, sex and differences in age between the patient and control group moderated the IGT outcome. Altered decision-making in a variety of other tasks was supported by a qualitative review. In summary, current evidence supports the altered valuation of outcomes in BPD. A multifaceted influence on decision-making and adaptive learning is reflected in this literature. © 2016 Elsevier Ltd",Review,Final,,Scopus,2-s2.0-85006375445
Kluwe-Schiavon B.; Viola T.W.; Sanvicente-Vieira B.; Lumertz F.S.; Salum G.A.; Grassi-Oliveira R.; Quednow B.B.,"Kluwe-Schiavon, B. (55444344900); Viola, T.W. (6603472530); Sanvicente-Vieira, B. (54881972200); Lumertz, F.S. (57210963676); Salum, G.A. (16550910800); Grassi-Oliveira, R. (13103077200); Quednow, B.B. (7003344504)",55444344900; 6603472530; 54881972200; 57210963676; 16550910800; 13103077200; 7003344504,Substance related disorders are associated with impaired valuation of delayed gratification and feedback processing: A multilevel meta-analysis and meta-regression,2020,Neuroscience and Biobehavioral Reviews,108,,,295,307,12,34,10.1016/j.neubiorev.2019.11.016,https://www.scopus.com/inward/record.uri?eid=2-s2.0-85075627805&doi=10.1016%2fj.neubiorev.2019.11.016&partnerID=40&md5=8808ad7971da6bdf77c8517dd7f3bda6,"Across numerous studies, individuals with substance use disorders (SUDs) differed from non-using controls regarding valuation of delayed gratification and feedback processing. However, it remains unclear whether the magnitude of the effect sizes is different across these two cognitive processes and how specific SUDs as well as demographic and clinical moderators influence these effects. In this study we thus performed multilevel linear mixed-effects meta-analyses and meta-regressions to examine the effects of SUDs on the Delay Discounting Task (DD) and on the Iowa Gambling Task (IGT). We found a moderate to large effect for SUD on both, the IGT and DD. While the effect on the DD was generalized to all substance classes, a smaller effect for cannabis-related disorder when compared to other SUDs was found with regard to the IGT. Early onset of substance use and psychiatric comorbidities were associated with stronger effects on the DD. Our findings suggest that feedback processing is more vulnerable to specific substance effects, while valuation of delayed gratification depends more on developmental and clinical factors. © 2019 Elsevier Ltd",Review,Final,All Open Access; Green Open Access,Scopus,2-s2.0-85075627805
Evens R.; Hoefler M.; Biber K.; Lueken U.,"Evens, Ricarda (54941579700); Hoefler, Michael (6507248277); Biber, Karolina (57190666504); Lueken, Ulrike (11641398200)",54941579700; 6507248277; 57190666504; 11641398200,The Iowa Gambling Task in Parkinson's disease: A meta-analysis on effects of disease and medication,2016,Neuropsychologia,91,,,163,172,9,32,10.1016/j.neuropsychologia.2016.07.032,https://www.scopus.com/inward/record.uri?eid=2-s2.0-84982162293&doi=10.1016%2fj.neuropsychologia.2016.07.032&partnerID=40&md5=22f064fbb0eeb5a87e184895204611a4,"Background Decision-making under uncertainty as measured by the Iowa Gambling Task has frequently been studied in Parkinson's disease. The dopamine overdose hypothesis assumes that dopaminergic effects follow an inverted U-shaped function, restoring some cognitive functions while overdosing others. The present work quantitatively summarizes disease and medication effects on task performance and evaluates evidence for the dopamine overdose hypothesis of impaired decision-making in Parkinson's disease. Methods A systematic literature search was performed to identify studies examining the Iowa Gambling Task in patients with Parkinson's disease. Outcomes were quantitatively combined, with separate estimates for the clinical (patients ON medication vs. healthy controls), disease (patients OFF medication vs. healthy controls), and medication effects (patients ON vs. OFF medication). Furthermore, using meta-regression analysis it was explored whether the study characteristics drug level, disease duration, and motor symptoms explained heterogeneous performance between studies. Results Patients with Parkinson's disease ON dopaminergic medication showed significantly impaired Iowa Gambling Task performance compared to healthy controls. This impairment was not normalized by short-term withdrawal of medication. Heterogeneity across studies was not explained by dopaminergic drug levels, disease durations or motor symptoms. Discussion While this meta-analysis showed significantly impaired decision-making performance in Parkinson's disease, there was no evidence that this impairment was related to dopamine overdosing. However, only very few studies assessed patients OFF medication and future studies are needed to concentrate on the modulation of dopaminergic drug levels and pay particular attention to problems related to repeated testing. Furthermore, short- vs. long-term medication effects demand further in-depth investigation. © 2016 Elsevier Ltd",Review,Final,,Scopus,2-s2.0-84982162293
Perrain R.; Dardennes R.; Jollant F.,"Perrain, Rebecca (57214802529); Dardennes, Roland (57192359989); Jollant, Fabrice (6506821335)",57214802529; 57192359989; 6506821335,"Risky decision-making in suicide attempters, and the choice of a violent suicidal means: an updated meta-analysis",2021,Journal of Affective Disorders,280,,,241,249,8,29,10.1016/j.jad.2020.11.052,https://www.scopus.com/inward/record.uri?eid=2-s2.0-85096370664&doi=10.1016%2fj.jad.2020.11.052&partnerID=40&md5=9975616afa80e312da91e625805f5cbb,"Background: Studies showed disadvantageous decision-making in suicide attempters. The present meta-analysis aims to examine the stability of these findings and related questions. Methods: EMBASE and Pubmed databases were searched for studies published between 01/01/2000 and 01/01/2020 with an additional search through bibliographical references. English or French articles published in peer-reviewed journals, reporting quantitative task-based measures of decision-making in suicide attempters were included: 3,582 records were identified, 33 full-text articles screened, and 21 articles finally included. Results: All studies were conducted in mood disorders; 18 used the Iowa Gambling Task (IGT) and 3 the Cambridge Gamble Task (CGT). With the IGT, suicide attempters showed riskier choices than patient controls (Hedges’ g=-0.28 95%CI (-0.44 – -0.12)) and healthy controls (g=-0.54 (-0.83 – -0.25)) with no significant difference between control groups. The difference between suicide attempters and patient controls was not related to age group, mood disorder type, author, or research center while an effect of time of publication was found (p=0.006). Poorer performance was also found in suicide attempters compared to patient controls when using the CGT (g=-0.57 95%CI (-0.82 – -0.31)). Suicide attempters who used a violent means showed poorer IGT performance than those who used a non-violent means (3 studies). Limitation: Limited number of studies outside mood disorders. No data to calculate a gender effect. Conclusion: The present meta-analysis confirmed riskier decision-making in suicide attempters. Although group differences appear to be of modest effect size in general, they were particularly marked in the subgroup of those who used a violent suicidal means. © 2020",Article,Final,All Open Access; Bronze Open Access; Green Open Access,Scopus,2-s2.0-85096370664
Mukherjee D.; Kable J.W.,"Mukherjee, Dahlia (57194229248); Kable, Joseph W. (6602089946)",57194229248; 6602089946,Value-based decision making in mental illness: A meta-analysis,2014,Clinical Psychological Science,2,6,,767,782,15,28,10.1177/2167702614531580,https://www.scopus.com/inward/record.uri?eid=2-s2.0-84926187848&doi=10.1177%2f2167702614531580&partnerID=40&md5=62dbbb84063bf8ed040941b5282acfa1,"In this study, we assessed value-based decision making in individuals diagnosed with mental illness. Two metaanalyses were conducted of studies that used the Iowa Gambling Task (IGT) to assess value-based decision making. In the first meta-analysis (63 studies, combined N = 4,978), we compared IGT performance in healthy populations and populations with mental illness. In the second meta-analysis (40 studies, combined N = 1,813), we examined raw IGT performance scores as a function of type of mental illness. The first meta-analysis demonstrated that individuals with mental illness performed significantly worse than did healthy control individuals. The second meta-analysis demonstrated no performance differences based on type of mental illness. These findings suggest that value-based decision making is a promising target for transdiagnostic analyses of processes that go awry in mental illness. A critical priority for future work, given that impairment in the IGT could arise from changes in several decision processes, will be to investigate the specific decision processes affected in different mental illnesses. © The Author(s) 2014.",Article,Final,,Scopus,2-s2.0-84926187848
Rotge J.-Y.; Poitou C.; Fossati P.; Aron-Wisnewsky J.; Oppert J.-M.,"Rotge, J.-Y. (16317561500); Poitou, C. (55908860000); Fossati, P. (7102550725); Aron-Wisnewsky, J. (35331621400); Oppert, J.-M. (7003273891)",16317561500; 55908860000; 7102550725; 35331621400; 7003273891,Decision-making in obesity without eating disorders: a systematic review and meta-analysis of Iowa gambling task performances,2017,Obesity Reviews,18,8,,936,942,6,26,10.1111/obr.12549,https://www.scopus.com/inward/record.uri?eid=2-s2.0-85018627321&doi=10.1111%2fobr.12549&partnerID=40&md5=255fccb043894161e70fff3426319474,"Background: There is evidence that obesity is associated with impairments in executive functions, such as deficits in decision-making, planning or problem solving, which might interfere with weight loss in obese individuals. We performed a systematic review and meta-analysis of decision-making abilities, as measured with the Iowa gambling task (IGT), in obesity without eating disorders. Methods: A systematic search was conducted to identify studies comparing IGT performances between groups of obese patients without eating disorders and groups of healthy control groups. The standardized mean differences were calculated for the total IGT scores and for the course of IGT scores. Meta-regression analyses were performed to explore the influence of clinical variables on standardized mean differences. Results: Total IGT scores were significantly lower in obese patients compared with normal-weight healthy controls. IGT performances did not differ between groups for the first trials of the task. Significant effect sizes for the last trials of the task were subjected to a high degree of heterogeneity. Conclusion: Risky decision-making is impaired in obesity. The clinical importance of non-food-related decision-making impairments remains to be assessed especially in terms of consequences in daily life or the achievement of weight loss. This meta-analysis has been registered in the Prospero database (CRD42016037533). © 2017 World Obesity Federation",Review,Final,All Open Access; Green Open Access,Scopus,2-s2.0-85018627321
Edge M.D.; Johnson S.L.; Ng T.; Carver C.S.,"Edge, Michael D. (35111246000); Johnson, Sheri L. (7406330976); Ng, Tommy (56262033800); Carver, Charles S. (7006828112)",35111246000; 7406330976; 56262033800; 7006828112,Iowa gambling task performance in euthymic bipolar i disorder: A meta-analysis and empirical study,2013,Journal of Affective Disorders,150,1,,115,122,7,25,10.1016/j.jad.2012.11.027,https://www.scopus.com/inward/record.uri?eid=2-s2.0-84880919506&doi=10.1016%2fj.jad.2012.11.027&partnerID=40&md5=92ef0ba53cdf9fa523cc71bf6295db95,"Background: The Iowa Gambling Task (IGT) has been recommended as an index of reward sensitivity, which is elevated in bipolar disorder. We conducted a meta-analysis of IGT performance in euthymic bipolar I disorder compared with control participants. Findings indicated that people with bipolar disorder make more risky choices than control participants, though the effect is small (g=0.35). It is not clear which of the many processes involved in IGT performance are involved in producing the observed group difference. Methods: Fifty-five euthymic people with bipolar disorder and 39 control participants completed the IGT. The Expectancy Valence Model was used to examine differences in IGT. We also examined whether variation in IGT performance within the bipolar group was related to current mood, illness course, impulsivity, or demographics. Results: Bipolar and control groups did not differ on the total number of risky choices, rate of learning, or any of the parameters of the Expectancy Valence Model. IGT performance in bipolar disorder was not related to any of the examined individual differences. Limitations: It is possible that there are group differences that are too small to detect at our sample size or that are not amenable to study via the Expectancy Valence Model. Conclusions: We were unable to identify group differences on the IGT or correlates of IGT performance within bipolar disorder. Though the IGT may serve as a useful model for decision-making, its structure may make it unsuitable for behavioral assessment of reward sensitivity independent of punishment sensitivity. © 2013 Elsevier B.V.",Article,Final,All Open Access; Green Open Access,Scopus,2-s2.0-84880919506
Woodrow A.; Sparks S.; Bobrovskaia V.; Paterson C.; Murphy P.; Hutton P.,"Woodrow, Amanda (57204211629); Sparks, Sarah (57204216593); Bobrovskaia, Valeria (57204214964); Paterson, Charlotte (57201687104); Murphy, Philip (7401685178); Hutton, Paul (53879614700)",57204211629; 57204216593; 57204214964; 57201687104; 7401685178; 53879614700,"Decision-making ability in psychosis: A systematic review and meta-analysis of the magnitude, specificity and correlates of impaired performance on the Iowa and Cambridge Gambling Tasks",2018,Psychological Medicine,,,,,,,23,10.1017/S0033291718002660,https://www.scopus.com/inward/record.uri?eid=2-s2.0-85054995791&doi=10.1017%2fS0033291718002660&partnerID=40&md5=aaf1dddae4fce2bd11692bc18fc0f4a4,"To identify factors which may help or hinder decision-making ability in people with psychosis, we did a systematic review and meta-analysis of their performance on the Iowa and Cambridge Gambling Tasks. Analysis of 47 samples found they had moderately poorer performance than healthy individuals (N = 4264, g = -0.57, 95% confidence interval (CI) -0.66 to -0.48). Few studies (k = 8) used non-psychotic clinical comparator groups, although very low-quality evidence (k = 3) found people with bipolar disorder may perform better. Negative symptoms (k = 13, N = 648, r = -0.17, 95% CI -0.26 to -0.07) and lower IQ (k = 11, N = 525, r = 0.20, 95% CI 0.29-0.10), but not positive symptoms (k = 10, N = 512, r = -0.01, 95% CI -0.11 to 0.08), each had small-moderate associations with poorer decision-making. Lower quality evidence suggested general symptoms, working memory, social functioning, awareness of emotional responses to information, and attentional bias towards gain are associated with decision-making, but not education, executive functioning or overall symptoms. Meta-regression suggested an inverse association between decision-making and depression severity (k = 6, Q = 6.41, R2 100%, p = 0.01). Those taking first-generation (k = 6, N = 305, g = -0.17, 95% CI -0.40 to 0.06, p = 0.147) or low-dose antipsychotics (k = 5, N = 442, g = -0.19, 95% CI -0.44 to 0.06, p = 0.139) had unimpaired decision-making. Although meta-regression found no linear association between dose and performance, non-reporting of the dose was common and associated with larger impairments (k = 46, Q = 4.71, R2 14%, p = 0.03). Those supporting people with psychosis to make decisions, including treatment decisions, should consider the potential effect of these factors. Interventionist-causal trials are required to test whether reducing antipsychotic dose and treating anxiety and depression can improve decision-making in this group. Copyright © Cambridge University Press 2018.",Article in press,Article in press,All Open Access; Green Open Access,Scopus,2-s2.0-85054995791
Howard M.; Gregertsen E.C.; Hindocha C.; Serpell L.,"Howard, Maxine (56192217000); Gregertsen, Eva C. (57193700903); Hindocha, Chandni (56149013800); Serpell, Lucy (55747914900)",56192217000; 57193700903; 56149013800; 55747914900,Impulsivity and compulsivity in anorexia and bulimia nervosa: A systematic review,2020,Psychiatry Research,293,,113354,,,,23,10.1016/j.psychres.2020.113354,https://www.scopus.com/inward/record.uri?eid=2-s2.0-85089140975&doi=10.1016%2fj.psychres.2020.113354&partnerID=40&md5=db31cb7a406977bee3b59ffefca4823a,"This study aimed to systematically appraise cross-sectional research that compared the cognitive performance of individuals in the acute phase of BN and/or AN to HCs on measures of impulsivity and compulsivity. The results of the systematic review showed support for the trans-diagnostic approach to eating disorders. There was no strong evidence to support the characterisation of AN as high in compulsivity (and low in impulsivity), nor to support the characterisation of BN as high in impulsivity (and low in compulsivity). There appeared to be mixed findings for both impulsivity and compulsivity across AN and BN. Results were highly variable due to the heterogeneous tasks used, and lack of replication across studies. There was no consensus amongst the included studies on the most appropriate task and/or outcome measures that should be used to study the constructs of impulsivity and compulsivity. © 2020 The Authors",Review,Final,All Open Access; Green Open Access,Scopus,2-s2.0-85089140975
Sastre-Buades A.; Alacreu-Crespo A.; Courtet P.; Baca-Garcia E.; Barrigon M.L.,"Sastre-Buades, Aina (57223224009); Alacreu-Crespo, Adrián (56437739200); Courtet, Philippe (57217339540); Baca-Garcia, Enrique (7004712190); Barrigon, Maria Luisa (24390514100)",57223224009; 56437739200; 57217339540; 7004712190; 24390514100,Decision-making in suicidal behavior: A systematic review and meta-analysis,2021,Neuroscience and Biobehavioral Reviews,131,,,642,662,20,23,10.1016/j.neubiorev.2021.10.005,https://www.scopus.com/inward/record.uri?eid=2-s2.0-85116527491&doi=10.1016%2fj.neubiorev.2021.10.005&partnerID=40&md5=82be8ba4fec030e36dd2faa6f9c1a223,"Impaired decision-making (DM) is well-known in suicidal behavior (SB). We aimed to review the evidence on DM and its mediating factors in SB and perform a meta-analysis on DM assessed using the Iowa Gambling Task (IGT). We conducted a search on databases of papers published on DM and SB up to 2020: 46 studies were included in the systematic review, and 18 in the meta-analysis. For meta-analysis, we compared DM performance between suicide attempters (SAs) and patients (PCs) or healthy controls (HCs). The systematic review showed that SAs have greater difficulties in all DM domains. The meta-analysis found worse IGT performance among SAs in comparison with PCs and HCs. A meta-regression did not find differences for age, gender, psychiatric disorder, and clinical status. Our findings indicate that SAs exhibited deficits in DM under conditions of risk though not ambiguity. Worse DM was independent of age, gender, psychiatric disorder, and suggested that DM impairment could be considered a cognitive trait of suicidal vulnerability, a risk factor and an attribute of SAs. © 2021 Elsevier Ltd",Review,Final,,Scopus,2-s2.0-85116527491
Betz L.T.; Brambilla P.; Ilankovic A.; Premkumar P.; Kim M.-S.; Raffard S.; Bayard S.; Hori H.; Lee K.-U.; Lee S.J.; Koutsouleris N.; Kambeitz J.,"Betz, Linda T. (57203962459); Brambilla, Paolo (58336857600); Ilankovic, Andrej (6504509995); Premkumar, Preethi (23390127900); Kim, Myung-Sun (36066732500); Raffard, Stéphane (23568550800); Bayard, Sophie (15057617400); Hori, Hikaru (15049570700); Lee, Kyoung-Uk (7501503004); Lee, Seung Jae (58509400200); Koutsouleris, Nikolaos (23008663100); Kambeitz, Joseph (36790051100)",57203962459; 58336857600; 6504509995; 23390127900; 36066732500; 23568550800; 15057617400; 15049570700; 7501503004; 58509400200; 23008663100; 36790051100,Deciphering reward-based decision-making in schizophrenia: A meta-analysis and behavioral modeling of the Iowa Gambling Task,2019,Schizophrenia Research,204,,,7,15,8,21,10.1016/j.schres.2018.09.009,https://www.scopus.com/inward/record.uri?eid=2-s2.0-85053790417&doi=10.1016%2fj.schres.2018.09.009&partnerID=40&md5=742c4c60d114745d937182ca3fd1ba39,"Background: Patients with schizophrenia (SZP) have been reported to exhibit impairments in reward-based decision-making, but results are heterogeneous with multiple potential confounds such as age, intelligence level, clinical symptoms or medication, making it difficult to evaluate the robustness of these impairments. Methods: We conducted a meta-analysis of studies comparing the performance of SZP and healthy controls (HC) in the Iowa Gambling Task (IGT) as well as comprehensive analyses based on subject-level data (n = 303 SZP, n = 188 HC) to investigate reward-based decision-making in SZP. To quantify differences in the influence of individual deck features (immediate gain, gain frequency, net loss) between SZP and HC, we additionally employed a least-squares model. Results: SZP showed statistically significant suboptimal decisions as indicated by disadvantageous deck choices (d from 0.51 to −0.62) and lower net scores (d from −0.35 to −1.03) in a meta-analysis of k = 29 samples (n = 1127 SZP, n = 1149 HC) and these results were confirmed in a complementary subject-level analysis. Moreover, decision-making in SZP was characterized by a relative overweighting of immediate gain and net losses and an underweighting of gain frequency. Moderator analyses revealed that in part, decision-making in the IGT was moderated by intelligence level, medication and general symptom scores. Conclusion: Our results indicate robust impairments in reward-based decision-making in SZP and suggest that decreased cognitive resources, such as working memory, may contribute to these alterations. © 2018 Elsevier B.V.",Article,Final,All Open Access; Green Open Access,Scopus,2-s2.0-85053790417
Pasion R.; Gonçalves A.R.; Fernandes C.; Ferreira-Santos F.; Barbosa F.; Marques-Teixeira J.,"Pasion, Rita (57170522300); Gonçalves, Ana R. (57197513744); Fernandes, Carina (56397623200); Ferreira-Santos, Fernando (53986199300); Barbosa, Fernando (8939032600); Marques-Teixeira, João (8939032500)",57170522300; 57197513744; 56397623200; 53986199300; 8939032600; 8939032500,Meta-analytic evidence for a reversal learning effect on the Iowa Gambling Task in older adults,2017,Frontiers in Psychology,8,OCT,1785,,,,15,10.3389/fpsyg.2017.01785,https://www.scopus.com/inward/record.uri?eid=2-s2.0-85032226444&doi=10.3389%2ffpsyg.2017.01785&partnerID=40&md5=53c0e8b46c4b5e089985e2ff66ec7043,"Iowa Gambling Task (IGT) is one of the most widely used tools to assess economic decision-making. However, the research tradition on aging and the Iowa Gambling Task (IGT) has been mainly focused on the overall performance of older adults in relation to younger or clinical groups, remaining unclear whether older adults are capable of learning along the task. We conducted a meta-analysis to examine older adults' decision-making on the IGT, to test the effects of aging on reversal learning (45 studies) and to provide normative data on total and block net scores (55 studies). From the accumulated empirical evidence, we found an average total net score of 7.55 (±25.9). We also observed a significant reversal learning effect along the blocks of the IGT, indicating that older adults inhibit the prepotent response toward immediately attractive options associated with high losses, in favor of initially less attractive options associated with long-run profit. During block 1, decisions of older adults led to a negative gambling net score, reflecting the expected initial pattern of risk-taking. However, the shift toward more safe options occurred between block 2 (small-to-medium effect size) and blocks 3, 4, 5 (medium-to-large effect size). These main findings highlight that older adults are able to move from the initial uncertainty, when the possible outcomes are unknown, to decisions based on risk, when the outcomes are learned and may be used to guide future adaptive decision-making. © 2017 Pasion, Gonçalves, Fernandes, Ferreira-Santos, Barbosa and Marques-Teixeira.",Review,Final,All Open Access; Gold Open Access; Green Open Access,Scopus,2-s2.0-85032226444
Simonovic B.; Stupple E.; Gale M.; Sheffield D.,"Simonovic, Boban (57191900873); Stupple, Edward (16231962300); Gale, Maggie (13404413500); Sheffield, David (7004198260)",57191900873; 16231962300; 13404413500; 7004198260,Sweating the small stuff: A meta-analysis of skin conductance on the Iowa gambling task,2019,"Cognitive, Affective and Behavioral Neuroscience",19,5,,1097,1112,15,13,10.3758/s13415-019-00744-w,https://www.scopus.com/inward/record.uri?eid=2-s2.0-85073125528&doi=10.3758%2fs13415-019-00744-w&partnerID=40&md5=1907449393cf5111830f24a8ea355187,"To systematically examine the role of anticipatory skin conductance responses (aSCRs) in predicting Iowa Gambling Task (IGT) performance. Secondly, to assess the quality of aSCR evidence for the Somatic Marker Hypothesis (SMH) during the IGT. Finally, to evaluate the reliability of current psychophysiological measurements on the IGT. Electronic databases, journals and reference lists were examined for inclusion. Data were extracted by two reviewers and validated by another reviewer, using a standardised extraction sheet along with a quality assessment. Two meta-analyses of aSCR measures were conducted to test the relationship between overall aSCR and IGT performance, and differences in aSCR between advantageous and disadvantageous decks. Twenty studies were included in this review. Quality assessment revealed that five studies did not measure anticipatory responses, and few stated they followed standard IGT and/or psychophysiological procedures. The first meta-analysis of 15 studies revealed a significant, small-to-medium relationship between aSCR and IGT performance (r=.22). The second meta-analysis of eight studies revealed a significant, small difference in aSCR between the advantageous and disadvantageous decks (r=.10); however, publication bias is likely to be an issue. Meta-analyses revealed aSCR evidence supporting the SMH. However, inconsistencies in the IGT and psychophysiological methods, along with publication bias, cast doubt on these effects. It is recommended that future tests of the SMH use a range of psychophysiological measures, a standardised IGT protocol, and discriminate between advantageous and disadvantageous decks. © 2019, The Author(s).",Article,Final,All Open Access; Green Open Access; Hybrid Gold Open Access,Scopus,2-s2.0-85073125528
Zeif D.; Yechiam E.,"Zeif, Dana (57216500449); Yechiam, Eldad (55892873800)",57216500449; 55892873800,Autism is not associated with poor or enhanced performance on the Iowa Gambling Task: A Meta-Analysis,2020,Neuroscience and Biobehavioral Reviews,113,,,440,447,7,13,10.1016/j.neubiorev.2020.04.016,https://www.scopus.com/inward/record.uri?eid=2-s2.0-85083711349&doi=10.1016%2fj.neubiorev.2020.04.016&partnerID=40&md5=4f43cf5a28addceae185dd1c13db0aef,"Individuals with Autism Spectrum Disorder (ASD) report difficulties in making routine decisions. Yet there is a controversy about whether their decision performance is impaired or enhanced compared to typically developing individuals. We focused on studies of the Iowa Gambling Task (IGT) where contrary arguments have been made in this regard. In a meta-analysis, we examined differences between high functioning individuals with ASD and controls in decision performance (choice of long-term advantageous options) and choice switching on the IGT. The analysis encompassed 14 studies involving 433 participants with ASD and 500 controls. The results showed virtually no difference in IGT performance between groups (d = 0.04), except for a slight disadvantage in the first block of trials for the ASD group (d = -0.16). We also found a non-significant trend towards increased choice switching in the ASD group (d = -0.37) that may be examined in future research. In sum, decision performance on the IGT is similar in individuals with ASD and controls, though their strategy may differ. © 2020 Elsevier Ltd",Review,Final,,Scopus,2-s2.0-85083711349
Colautti L.; Iannello P.; Silveri M.C.; Antonietti A.,"Colautti, Laura (58226086200); Iannello, Paola (24080277300); Silveri, Maria Caterina (7005924852); Antonietti, Alessandro (7004675276)",58226086200; 24080277300; 7005924852; 7004675276,Decision making in Parkinson's disease: An analysis of the studies using the Iowa Gambling Task,2021,European Journal of Neuroscience,54,10,,7513,7549,36,9,10.1111/ejn.15497,https://www.scopus.com/inward/record.uri?eid=2-s2.0-85118687035&doi=10.1111%2fejn.15497&partnerID=40&md5=bb9727becf69cb8ef1f70b9e99d4a81c,"In Parkinson's disease (PD) impairments in decision making can occur, in particular because of the tendency toward risky and rewarding options. The Iowa Gambling Task has been widely used to investigate decision processes involving these options. The task assesses the ability to manage risk and to learn from feedback. The present paper aims at critically examining those studies in which this task has been administered to PD patients, in order to understand possible anomalies in patients' decision processes and which variables are responsible for that. A meta-analysis has been conducted as well. Features of the task, sociodemographic and clinical aspects (including daily drugs intake), cognitive conditions and emotional disorders of the patients have been taken into account. Neural correlates of decision-making competences were considered. It emerged that PD patients show a trend of preference toward risky choices, probably due to an impairment in anticipating the unrewarding consequences or to an insensitiveness to punishment. The possible role played by dopamine medications in decision making under uncertain conditions, affecting basal ganglia and structures involved in the limbic loop, was discussed. Attention has been focused on some aspects that need to be investigated in further research, in order to delve into this issue and promote patients' quality of life. © 2021 The Authors. European Journal of Neuroscience published by Federation of European Neuroscience Societies and John Wiley & Sons Ltd.",Review,Final,All Open Access; Green Open Access; Hybrid Gold Open Access,Scopus,2-s2.0-85118687035
Watson P.; Le Pelley M.E.,"Watson, Poppy (55340167900); Le Pelley, Mike E. (6603589906)",55340167900; 6603589906,"A meta-analysis of the relationship between eating restraint, impaired cognitive control and cognitive bias to food in non-clinical samples",2021,Clinical Psychology Review,89,,102082,,,,8,10.1016/j.cpr.2021.102082,https://www.scopus.com/inward/record.uri?eid=2-s2.0-85115172868&doi=10.1016%2fj.cpr.2021.102082&partnerID=40&md5=83b616b724db81ab787338b9bcb80e05,"Aim: Food restriction is argued to be a precursor for unhealthy preoccupation with food, possibly leading to the development of an eating disorder. We updated previous meta-analyses that examined the relationship between eating restraint and deficits in either general or food-related attentional and inhibitory control. We hypothesized that inconsistencies in the literature around eating restraint, impaired cognitive control, impulsivity and cognitive biases for food could be attributed to the scale used to measure eating restraint. Method: A (preregistered) subgroup meta-analysis examined whether patterns of impaired cognitive control and cognitive bias for food in predominantly healthy (non-clinical) samples differed as a function of the scale used to measure eating restraint. A series of exploratory meta-analyses were carried out for specific attentional bias tasks. In total 57 datasets were included. Results: The subgroup analysis did not provide evidence that the relationship between eating restraint and impaired or biased cognitions differed significantly as a function of restraint scale. Heterogeneity across studies was high. When examining specific attentional bias tasks there was no evidence that increased eating restraint was associated with increased attentional bias or distraction by food cues, regardless of which scale was used to measure eating restraint. Conclusions: There is little experimental evidence for the common narrative that increased eating restraint is related to impaired cognitive control generally or increased cognitive bias for food, in non-clinical samples. © 2021 Elsevier Ltd",Review,Final,,Scopus,2-s2.0-85115172868
Nisticò V.; De Angelis A.; Erro R.; Demartini B.; Ricciardi L.,"Nisticò, Veronica (57215562199); De Angelis, Andrea (7005924041); Erro, Roberto (36008087300); Demartini, Benedetta (36439073200); Ricciardi, Lucia (36167347400)",57215562199; 7005924041; 36008087300; 36439073200; 36167347400,Obsessive-compulsive disorder and decision making under ambiguity: A systematic review with meta-analysis,2021,Brain Sciences,11,2,143,1,23,22,8,10.3390/brainsci11020143,https://www.scopus.com/inward/record.uri?eid=2-s2.0-85099710305&doi=10.3390%2fbrainsci11020143&partnerID=40&md5=5511dcdff5e82f8d0426a6b9f0abc5be,"In the last decade, decision-making has been proposed to have a central role in obsessive-compulsive disorder (OCD) aetiology, since patients show pathological doubt and an apparent in-ability to make decisions. Here, we aimed to comprehensively review decision making under ambiguity, as measured by the Iowa Gambling Task (IGT), in OCD, using a meta-analytic approach. According to PRISMA Guidelines, we selected 26 studies for a systematic review and, amongst them, 16 studies were included in a meta-analysis, comprising a total of 846 OCD patients and 763 healthy controls (HC). Our results show that OCD patients perform significantly lower than HC at the IGT, pointing towards the direction of a decision making impairment. In particular, this deficit seems to emerge mainly in the last three blocks of the IGT. IGT scores in OCD patients under the age of 18 were still significantly lower than in HC. Finally, no difference emerged between medicated and unmedicated patients, since they both scored significantly lower at the IGT compared to HC. In conclusion, our results are in line with the hypothesis according to which decision making impairment might represent a potential endophenotype lying between the clinical manifestation of OCD and its neurobiological aetiology. © 2021 by the authors. Licensee MDPI, Basel, Switzerland.",Article,Final,All Open Access; Gold Open Access; Green Open Access,Scopus,2-s2.0-85099710305
Zhang L.; Qiu X.; Zhu X.; Zou X.; Chen L.,"Zhang, Lin (56689193300); Qiu, Xiangmiao (57194615561); Zhu, Xi (57191694055); Zou, Xiaoyi (7203047879); Chen, Lei (57032035500)",56689193300; 57194615561; 57191694055; 7203047879; 57032035500,Decision-making in patient s with epilepsy: A systematic review and meta-analysis,2018,Epilepsy Research,148,,,55,62,7,7,10.1016/j.eplepsyres.2018.10.009,https://www.scopus.com/inward/record.uri?eid=2-s2.0-85055509242&doi=10.1016%2fj.eplepsyres.2018.10.009&partnerID=40&md5=636732642d857d0c4a731d62ac7df0d3,"Objective: Decision-making (DM) is an essential ability in everyday life. Some studies have reported DM deficits in patients with epilepsy. However, the reliability of the conclusions was limited by small sample sizes and inconsistent results. This review evaluated the current evidence concerning DM ability in epilepsy to provide a more detailed understanding and reliable conclusions. Methods: Seven databases were searched to collect studies about DM ability in epilepsy. The weighted mean difference (WMD), standardised mean difference (SMD) and 95% confidence interval (CI) were used to compare continuous variables. Results: A total of 13 studies, including 395 patients with epilepsy, met our inclusion criteria. The overall size of DM deficits was moderate (SMD = –0.372, 95% CI = –0.529 – –0.215, p < 0.001). The performance of the Iowa Gambling Task were impaired (WMD = –11.961, 95% CI = –20.543 – –3.380, p = 0.006; SMD = –0.694, 95% CI = –0.856 – –0.532, <0.001). The performance of other DM tests was not significantly less in either WMD or SMD. Patients with right TLE and with left TLE had no statistically significant difference in DM ability. An amygdala or (and) hippocampus resection might be related to more severe DM deficits. Various cognitive domains were related to decision-making capacity, although these correlations were not consistent across studies. Conclusion: Patients with epilepsy had poorer scores in avoid making risky decisions under ambiguity. Other types of DM ability might not be impaired; however, insufficient studies, with small samples, limited reliability of the results. © 2018 Elsevier B.V.",Review,Final,,Scopus,2-s2.0-85055509242
Jones K.A.; Hewson T.; Sales C.P.; Khalifa N.,"Jones, Katy A. (35793798800); Hewson, Thomas (57203179227); Sales, Christian P. (57196346392); Khalifa, Najat (23569956100)",35793798800; 57203179227; 57196346392; 23569956100,A Systematic Review and Meta-Analysis of Decision-Making in Offender Populations with Mental Disorder,2019,Neuropsychology Review,29,2,,244,258,14,6,10.1007/s11065-018-09397-x,https://www.scopus.com/inward/record.uri?eid=2-s2.0-85062031132&doi=10.1007%2fs11065-018-09397-x&partnerID=40&md5=9aab8dcfa30a3e67248071987ebb2645,"Decision-making has many different definitions and is measured in varied ways using neuropsychological tasks. Offenders with mental disorder habitually make disadvantageous decisions, but no study has systematically appraised the literature. This review aimed to clarify the field by bringing together different neuropsychological measures of decision-making, and using meta-analysis and systematic review to explore the performance of offenders with mental disorders on neuropsychological tasks of decision-making. A structured search of PubMed, Embase, PsycINFO, Medline, Cinahl was conducted with additional hand searching and grey literature consulted. Controlled studies of decision-making in offenders with evidence of any mental disorder, including a validated measure of decision-making were included. Total score on each relevant decision-making task was collated. Twenty-three studies met inclusion criteria (n = 1820), and 10 studies (with 15 experiments) were entered into the meta-analysis (n = 841). All studies included in the meta-analysis used the Iowa Gambling Task (IGT) to measure decision-making. Systematic review findings from individual studies showed violent offenders made poorer decisions than matched offender groups or controls. An omnibus meta-analysis was computed to examine performance on IGT in offenders with mental disorder compared with controls. Additionally, two sub-group meta-analyses were computed for studies involving offenders with personality disorder and psychopathy, and recidivists who were convicted of Driving While Intoxicated (DWI). Individual studies not included in the meta-analysis partially supported the view that offenders make poorer decisions. However, the meta-analyses showed no significant differences in performance on IGT between the offender groups and controls. Further research is required to ascertain whether offenders with mental disorder have difficulty in making advantageous decisions. An analysis of cause and effect and various directions for future work are recommended to help understand the underpinning of these findings. Trial Registration: CRD42018088402. © 2019, The Author(s).",Review,Final,All Open Access; Green Open Access; Hybrid Gold Open Access,Scopus,2-s2.0-85062031132
Lewis Y.D.; Gallop L.; Campbell I.C.; Schmidt U.,"Lewis, Yael D. (57189239732); Gallop, Lucy (57222354550); Campbell, Iain C. (35472858700); Schmidt, Ulrike (7402009547)",57189239732; 57222354550; 35472858700; 7402009547,Effects of non-invasive brain stimulation in children and young people with psychiatric disorders: a protocol for a systematic review,2021,Systematic Reviews,10,1,76,,,,3,10.1186/s13643-021-01627-3,https://www.scopus.com/inward/record.uri?eid=2-s2.0-85102440075&doi=10.1186%2fs13643-021-01627-3&partnerID=40&md5=a7a0b6167d969760a3472d93daec9c57,"Background: Most psychiatric disorders have their onset in childhood or adolescence, and if not fully treated have the potential for causing life-long psycho-social and physical sequelae. Effective psychotherapeutic and medication treatments exist, but a significant proportion of children and young people do not make a full recovery. Thus, novel, safe, brain-based alternatives or adjuncts to conventional treatments are needed. Repetitive transcranial magnetic stimulation (rTMS) and transcranial direct current stimulation (tDCS) are non-invasive brain stimulation (NIBS) techniques which have shown clinical benefits in adult psychiatric conditions. However, in children and young people their efficacy is not well established. The objective of this study will be to systematically evaluate the evidence on clinical effects of NIBS in children and young people with psychiatric disorders, assessing disorder-specific symptoms, mood and neurocognitive functions. Methods: We designed and registered a study protocol for a systematic review. We will include randomised and non-randomised controlled trials and observational studies (e.g. cohort, case-control, case series) assessing the effects of NIBS in children and young people (aged ≤ 24 years old) for psychiatric disorders. The primary outcome will be reduction of disorder-specific symptoms. Secondary outcomes will include effects on mood and cognition. A comprehensive search from database inception onwards will be conducted in MEDLINE, EMBASE and PsycINFO. Grey literature will be identified through searching multiple clinical trial registries. Two reviewers will independently screen all citations, full-text articles and abstract data. The methodological quality of the studies will be appraised using appropriate tools. We will provide a narrative synthesis of the evidence and according to heterogeneity will conduct an appropriate meta-analysis. Additional analyses will be conducted to explore the potential sources of heterogeneity. Discussion: This systematic review will provide a broad and comprehensive evaluation of the evidence on clinical effects of NIBS in children and young people with psychiatric disorders. Our findings will be reported according to the PRISMA guidelines and will be of interest to multiple audiences (including patients, researchers, healthcare professionals and policy-makers). Results will be published in a peer-reviewed journal. Systematic review registration: PROSPERO CRD42019158957. © 2021, The Author(s).",Article,Final,All Open Access; Gold Open Access; Green Open Access,Scopus,2-s2.0-85102440075
Zanini L.; Picano C.; Spitoni G.F.,"Zanini, Ludovica (57223002261); Picano, Chiara (57221532703); Spitoni, Grazia Fernanda (16178748800)",57223002261; 57221532703; 16178748800,The Iowa Gambling Task: Men and Women Perform Differently. A Meta-analysis,2024,Neuropsychology Review,,,,,,,1,10.1007/s11065-024-09637-3,https://www.scopus.com/inward/record.uri?eid=2-s2.0-85187160484&doi=10.1007%2fs11065-024-09637-3&partnerID=40&md5=148de80bbc5570197da51691728d6604,"The Iowa Gambling Task (IGT) was designed to assess decision-making under conditions of complexity and uncertainty; it is currently one of the most widely used tests to assess decision-making in both experimental and clinical settings. In the original version of the task, participants are given a loan of play money and four decks of cards and are asked to maximize profits. Although any single card unpredictably yields wins/losses, variations in frequency and size of gains/losses ultimately make two decks more advantageous in the long term. Several studies have previously suggested that there may be a sex-related difference in IGT performance. Thus, the present study aimed to explore and quantify sex differences in IGT performance by pooling the results of 110 studies. The meta-analysis revealed that males tend to perform better than females on the classic 100-trial IGT (UMD = 3.381; p < 0.001). Furthermore, the significant heterogeneity observed suggests high variability in the results obtained by individual studies. Results were not affected by publication bias or other moderators. Factors that may contribute to differences in male and female performance are discussed, such as functional sex-related asymmetries in the ventromedial prefrontal cortex and amygdala, as well as differences in sensitivity to wins/losses. © The Author(s) 2024.",Review,Article in press,All Open Access; Hybrid Gold Open Access,Scopus,2-s2.0-85187160484
Zeif D.; Yakobi O.; Yechiam E.,"Zeif, Dana (57216500449); Yakobi, Ofir (57211123191); Yechiam, Eldad (55892873800)",57216500449; 57211123191; 55892873800,Choice behavior in autistic adults: What drives the extreme switching phenomenon?,2023,PLoS ONE,18,03.Mar,e0282296,,,,0,10.1371/journal.pone.0282296,https://www.scopus.com/inward/record.uri?eid=2-s2.0-85149311859&doi=10.1371%2fjournal.pone.0282296&partnerID=40&md5=22eff1a354bcc7be8e49d7440adc9be9,"Background Previous studies reported that autistic adolescents and adults tend to exhibit extensive choice switching in repeated experiential tasks. However, a recent meta-analysis showed that this switching effect was non-significant across studies. Furthermore, the relevant psychological mechanisms remain unclear. We examined the robustness of the extreme choice-switching phenomenon, and whether it is driven by a learning impairment, feedback-related aspects (e.g., avoiding losses), or alternatively a different information sampling strategy. Methods We recruited an online sample of 114 US participants (57 autistic adults and 57 non-autistic). All participants performed the Iowa Gambling task, a four-option repeated choice task. Standard task blocks were followed by a trial block with no feedback. Results The findings replicate the extreme choice switching phenomenon (Cohen’s d = 0.48). Furthermore, the effect was found with no difference in average choice rates denoting no learning impairment, and was even observed in trial blocks with no feedback (d = 0.52). There was no evidence that the switching strategy of autistic individuals was more perseverative (i.e., that similar switching rates were used in subsequent trial blocks). When adding the current dataset to the meta-analysis, the choice switching phenomenon is significant across studies, d = 0.32. Conclusions The findings suggest that the increased choice switching phenomenon in autism may be robust and that it represents a distinct information sampling strategy and not poor implicit learning (or a bias in the sensitivity to losses). Such extended sampling may underlie some of the phenomena previously attributed to poor learning. © 2023 Zeif et al. This is an open access article distributed under the terms of the Creative Commons Attribution License, which permits unrestricted use, distribution, and reproduction in any medium, provided the original author and source are credited.",Article,Final,All Open Access; Gold Open Access; Green Open Access,Scopus,2-s2.0-85149311859
Lu J.; Zhao X.; Wei X.; He G.,"Lu, Jiaqi (58298165500); Zhao, Xu (58686538400); Wei, Xuxuan (58686187400); He, Guibing (55510655600)",58298165500; 58686538400; 58686187400; 55510655600,Risky decision-making in major depressive disorder: A three-level meta-analysis,2024,International Journal of Clinical and Health Psychology,24,1,100417,,,,0,10.1016/j.ijchp.2023.100417,https://www.scopus.com/inward/record.uri?eid=2-s2.0-85176096805&doi=10.1016%2fj.ijchp.2023.100417&partnerID=40&md5=8a4acd5e61ee8aabd1ca3acb81cc785b,"Background: Individuals with major depressive disorder (MDD) are usually observed making inappropriate risky decisions. However, whether and to what extent MDD is associated with impairments in risky decision-making remains unclear. We performed a three-level meta-analysis to explore the relationship between risky decision-making and MDD. Method: We searched the Web of Science, PubMed, Scopus, and PsycINFO databases up to February 7, 2023, and calculated Hedges' g to demonstrate the difference in risky decision-making between MDD patients and healthy controls (HCs). The moderating effect of sample and task characteristics were also revealed. Results: Across 73 effect sizes in 39 cross-sectional studies, MDD patients exhibited greater risk-seeking than HCs (Hedges' g = 0.187, p = .030). Furthermore, age (p = .068), region (p = .005), and task type (p < .001) were found to have moderating effects. Specifically, patients preferred risk-seeking over HCs as age increased. European patients showed significantly increased risk-seeking compared to American and Asian patients. Patients in the Iowa Gambling Task (IGT) exhibited a notable rise in risk-seeking compared to other tasks, along with an increased risk aversion in the Balloon Analogue Risk Task (BART). The multiple-moderator analysis showed that only task type had significant effects, which may be explained by a tentative framework of ""operationalization-mechanism-measure"" specificity. Conclusions: MDD patients generally exhibit higher risk-seeking than HCs. It implies that impaired risky decision-making might be a noteworthy symptom of depression, which should be placed more emphasis for clinical management and psycho-education. © 2023",Article,Final,All Open Access; Gold Open Access; Green Open Access,Scopus,2-s2.0-85176096805
Wang T.; Zeng J.; Yuan Y.; He Y.; Zhu J.; Lin B.; Yin Q.; Peng P.,"Wang, Tao (58187228400); Zeng, Jianmin (55392151300); Yuan, Yujie (58186818000); He, Ying (58967297100); Zhu, Jiayi (58967297200); Lin, Beitong (58967748500); Yin, Qiao (58967297300); Peng, Peiru (58967527400)",58187228400; 55392151300; 58186818000; 58967297100; 58967297200; 58967748500; 58967297300; 58967527400,Exploring the complex relationship between depression and risky decision-making: A meta-analysis,2024,Journal of Affective Disorders Reports,16,,100771,,,,0,10.1016/j.jadr.2024.100771,https://www.scopus.com/inward/record.uri?eid=2-s2.0-85189311048&doi=10.1016%2fj.jadr.2024.100771&partnerID=40&md5=c434a5104e9d05f6e6d34cf06f2dd0f9,"Numerous studies have examined the association between depression and risky decision-making, but the results are mixed. To address this issue, we conducted a meta-analysis of risky decision-making in individuals with current Major depressive disorder (MDD). Patients with MDD exhibit divergent performances in risky decision-making across various tasks. Specifically, MDD patients tend to select the disadvantageous decks in the Iowa Gambling Task (SMD = 0.40; 95%CI = 0.09 to 0.70; p = 0.011), make fewer pumps on the balloon in the Balloon Analog Risk Task (SMD = -0.29; 95%CI = -0.47 to -0.12; p < 0.01), and demonstrate similar performance in the Cambridge Gambling Task and the Game of Dice Task when compared to healthy controls. The meta-regression analysis revealed that age exhibits a significant correlation with the effect size in the Balloon Analog Risk Task (z = 2.375, p = 0.018, 95%CI = [0.004,0.043]). The subgroup analysis showed a significant difference in effect sizes among age groups within both the Iowa Gambling Task (Q = 9.34, df = 3, p = 0.025) and the Balloon Analog Risk Task (Q = 6.48, df = 1, p = 0.011). These findings indicate that MDD might impair the distinct process of risky decision-making, and age may paly vital role in the performance of MDD patients in risky decision-making. Understanding this could potentially facilitate more effective clinical interventions, thus reducing the burden on society. © 2024 The Author(s)",Review,Final,All Open Access; Gold Open Access,Scopus,2-s2.0-85189311048